-- phpMyAdmin SQL Dump
-- version 5.2.2
-- https://www.phpmyadmin.net/
--
-- Host: 127.0.0.1
-- Generation Time: Oct 23, 2025 at 10:17 AM
-- Server version: 11.8.3-MariaDB-log
-- PHP Version: 7.2.34

SET SQL_MODE = "NO_AUTO_VALUE_ON_ZERO";
START TRANSACTION;
SET time_zone = "+00:00";


/*!40101 SET @OLD_CHARACTER_SET_CLIENT=@@CHARACTER_SET_CLIENT */;
/*!40101 SET @OLD_CHARACTER_SET_RESULTS=@@CHARACTER_SET_RESULTS */;
/*!40101 SET @OLD_COLLATION_CONNECTION=@@COLLATION_CONNECTION */;
/*!40101 SET NAMES utf8mb4 */;

--
-- Database: `u689828427_sugarpapi`
--

-- --------------------------------------------------------

--
-- Table structure for table `abouts`
--

CREATE TABLE `abouts` (
  `id` bigint(20) UNSIGNED NOT NULL,
  `description` text DEFAULT NULL,
  `created_at` timestamp NULL DEFAULT NULL,
  `updated_at` timestamp NULL DEFAULT NULL
) ENGINE=InnoDB DEFAULT CHARSET=utf8mb4 COLLATE=utf8mb4_unicode_ci;

-- --------------------------------------------------------

--
-- Table structure for table `admins`
--

CREATE TABLE `admins` (
  `id` bigint(20) UNSIGNED NOT NULL,
  `name` varchar(255) DEFAULT NULL,
  `email` varchar(255) NOT NULL,
  `phone` varchar(255) DEFAULT NULL,
  `password` varchar(255) DEFAULT NULL,
  `image` varchar(255) DEFAULT NULL,
  `created_at` timestamp NULL DEFAULT NULL,
  `updated_at` timestamp NULL DEFAULT NULL
) ENGINE=InnoDB DEFAULT CHARSET=utf8mb4 COLLATE=utf8mb4_unicode_ci;

--
-- Dumping data for table `admins`
--

INSERT INTO `admins` (`id`, `name`, `email`, `phone`, `password`, `image`, `created_at`, `updated_at`) VALUES
(1, 'admin', 'admin@gmail.com', '0123456789', '$2y$10$RcoN/8RG3rgEJNG5HCXHO.14QX0DrwviuukhDQ8TnFQDMQAlzWXpu', 'public/admin/assets/images/users/1711428485.png', '2023-12-07 06:22:27', '2024-03-26 08:48:05');

-- --------------------------------------------------------

--
-- Table structure for table `branches`
--

CREATE TABLE `branches` (
  `id` bigint(20) UNSIGNED NOT NULL,
  `branch_number` varchar(255) DEFAULT NULL,
  `name` varchar(255) DEFAULT NULL,
  `email` varchar(255) DEFAULT NULL,
  `password` varchar(255) DEFAULT NULL,
  `phone_number` varchar(255) DEFAULT NULL,
  `location` varchar(255) DEFAULT NULL,
  `latitude` varchar(255) DEFAULT NULL,
  `longitude` varchar(255) DEFAULT NULL,
  `created_at` timestamp NULL DEFAULT NULL,
  `updated_at` timestamp NULL DEFAULT NULL,
  `image` varchar(255) DEFAULT NULL,
  `pickup_time` varchar(255) DEFAULT NULL,
  `end_time` varchar(255) DEFAULT NULL,
  `status` varchar(255) NOT NULL DEFAULT '0',
  `tax` varchar(255) DEFAULT NULL
) ENGINE=InnoDB DEFAULT CHARSET=utf8mb4 COLLATE=utf8mb4_unicode_ci;

--
-- Dumping data for table `branches`
--

INSERT INTO `branches` (`id`, `branch_number`, `name`, `email`, `password`, `phone_number`, `location`, `latitude`, `longitude`, `created_at`, `updated_at`, `image`, `pickup_time`, `end_time`, `status`, `tax`) VALUES
(6, '2', 'AZ Nutrition & Smoothies', 'eelagmi.gnc@gmail.com', '$2y$10$RcoN/8RG3rgEJNG5HCXHO.14QX0DrwviuukhDQ8TnFQDMQAlzWXpu', '8625911468', '1578 Main Avenue Clifton, NJ 07011', NULL, NULL, '2023-12-13 07:55:53', '2025-10-23 07:20:03', 'public/admin/assets/images/users/1712043544.png', NULL, NULL, '0', '1.14'),
(7, '4', 'AZ Nutrition & Smoothies', 'a.z.nutrition2355@gmail.com', '$2y$10$RcoN/8RG3rgEJNG5HCXHO.14QX0DrwviuukhDQ8TnFQDMQAlzWXpu', '9143371519', '2562 Central Park Av yonkers, NY 10710', NULL, NULL, '2023-12-13 08:13:49', '2024-10-27 04:05:51', 'public/admin/assets/images/users/1712043476.png', NULL, NULL, '0', '1.09'),
(8, '1', 'AZ Nutrition & Smoothies', 'a.z.nutrition5742@gmail.com', '$2y$10$RcoN/8RG3rgEJNG5HCXHO.14QX0DrwviuukhDQ8TnFQDMQAlzWXpu', '3476570475', '1776 Eastchester Road Bronx, NY 10461', NULL, NULL, '2023-12-21 03:21:28', '2024-12-07 20:04:51', 'public/admin/assets/images/users/1712043432.png', NULL, NULL, '0', '2.00'),
(14, '3', 'A-Z Nutrition & Smoothies', 'a.z.nutrition2354@gmail.com', '$2y$10$RcoN/8RG3rgEJNG5HCXHO.14QX0DrwviuukhDQ8TnFQDMQAlzWXpu', '9732590100', '549 Bloomfield Avenue Bloomfield, NJ 07003', NULL, NULL, '2023-12-29 07:48:27', '2025-10-23 07:20:03', 'public/admin/assets/images/users/1712043391.png', NULL, NULL, '1', '1.84');

-- --------------------------------------------------------

--
-- Table structure for table `categories`
--

CREATE TABLE `categories` (
  `id` bigint(20) UNSIGNED NOT NULL,
  `name` varchar(255) DEFAULT NULL,
  `created_at` timestamp NULL DEFAULT NULL,
  `updated_at` timestamp NULL DEFAULT NULL
) ENGINE=InnoDB DEFAULT CHARSET=utf8mb4 COLLATE=utf8mb4_unicode_ci;

--
-- Dumping data for table `categories`
--

INSERT INTO `categories` (`id`, `name`, `created_at`, `updated_at`) VALUES
(2, 'Choose your 3 toppings', '2024-03-19 00:16:10', '2024-03-28 10:18:08'),
(3, 'Would you like EXTRA toppings?', '2024-03-19 00:16:53', '2024-03-28 10:23:00'),
(4, 'PB Type flavours', '2024-03-19 00:18:33', '2024-03-19 00:27:37'),
(6, 'Extras (misc.)', '2024-03-27 12:01:40', '2024-03-27 12:01:40'),
(8, 'Would you like to add a Supplement/Extra?', '2024-03-27 12:11:37', '2024-03-27 12:11:37'),
(9, 'Would you like to add any extra Fruits/Veggies?', '2024-03-27 12:11:50', '2024-03-27 12:11:50'),
(10, 'Toast Add On\'s', '2024-03-28 08:45:08', '2024-03-28 08:45:08'),
(11, 'Would you like to add any add on\'s? (Fresh Juices Only)', '2024-03-28 08:52:03', '2024-03-28 08:52:03'),
(12, 'Flavor (Protein)', '2024-03-28 09:33:30', '2024-03-28 09:33:30'),
(13, 'Would you like to add any add on\'s?', '2024-03-28 10:00:44', '2024-03-28 10:00:44'),
(14, 'Handmade Items Category', '2024-04-03 16:01:31', '2024-04-03 16:01:31'),
(15, 'Choice of Milk/Liquid', '2024-05-20 15:33:22', '2024-05-20 15:33:22'),
(16, 'Remove / Replace', '2024-05-20 15:42:08', '2024-05-20 15:42:08');

-- --------------------------------------------------------

--
-- Table structure for table `category_toppings`
--

CREATE TABLE `category_toppings` (
  `id` bigint(20) UNSIGNED NOT NULL,
  `category_id` bigint(20) UNSIGNED DEFAULT NULL,
  `topping_id` bigint(20) UNSIGNED DEFAULT NULL,
  `created_at` timestamp NULL DEFAULT NULL,
  `updated_at` timestamp NULL DEFAULT NULL
) ENGINE=InnoDB DEFAULT CHARSET=utf8mb4 COLLATE=utf8mb4_unicode_ci;

--
-- Dumping data for table `category_toppings`
--

INSERT INTO `category_toppings` (`id`, `category_id`, `topping_id`, `created_at`, `updated_at`) VALUES
(10, 4, 2, '2024-03-25 11:24:21', '2024-03-25 11:24:21'),
(11, 4, 3, '2024-03-25 11:24:21', '2024-03-25 11:24:21'),
(12, 4, 4, '2024-03-25 11:24:21', '2024-03-25 11:24:21'),
(13, 4, 5, '2024-03-25 11:24:21', '2024-03-25 11:24:21'),
(14, 3, 15, '2024-03-25 13:00:20', '2024-03-25 13:00:20'),
(15, 3, 16, '2024-03-25 13:00:20', '2024-03-25 13:00:20'),
(16, 3, 17, '2024-03-25 13:00:20', '2024-03-25 13:00:20'),
(17, 2, 2, '2024-03-25 13:00:47', '2024-03-25 13:00:47'),
(18, 2, 5, '2024-03-25 13:00:47', '2024-03-25 13:00:47'),
(19, 2, 7, '2024-03-25 13:00:47', '2024-03-25 13:00:47'),
(22, 9, 203, '2024-03-27 12:49:43', '2024-03-27 12:49:43'),
(23, 9, 204, '2024-03-27 12:49:43', '2024-03-27 12:49:43'),
(24, 9, 205, '2024-03-27 12:49:43', '2024-03-27 12:49:43'),
(25, 9, 206, '2024-03-27 12:49:43', '2024-03-27 12:49:43'),
(26, 9, 207, '2024-03-27 12:49:43', '2024-03-27 12:49:43'),
(27, 9, 208, '2024-03-27 12:49:43', '2024-03-27 12:49:43'),
(28, 9, 209, '2024-03-27 12:49:43', '2024-03-27 12:49:43'),
(29, 9, 210, '2024-03-27 12:49:43', '2024-03-27 12:49:43'),
(30, 9, 211, '2024-03-27 12:49:43', '2024-03-27 12:49:43'),
(31, 9, 212, '2024-03-27 12:49:43', '2024-03-27 12:49:43'),
(32, 9, 213, '2024-03-27 12:49:43', '2024-03-27 12:49:43'),
(33, 9, 214, '2024-03-27 12:49:43', '2024-03-27 12:49:43'),
(34, 9, 215, '2024-03-27 12:49:43', '2024-03-27 12:49:43'),
(35, 9, 216, '2024-03-27 12:49:43', '2024-03-27 12:49:43'),
(36, 9, 217, '2024-03-27 12:49:43', '2024-03-27 12:49:43'),
(37, 9, 218, '2024-03-27 12:49:43', '2024-03-27 12:49:43'),
(38, 9, 219, '2024-03-27 12:49:43', '2024-03-27 12:49:43'),
(39, 9, 220, '2024-03-27 12:49:43', '2024-03-27 12:49:43'),
(40, 9, 221, '2024-03-27 12:49:43', '2024-03-27 12:49:43'),
(41, 8, 25, '2024-03-27 12:56:04', '2024-03-27 12:56:04'),
(42, 8, 26, '2024-03-27 12:56:04', '2024-03-27 12:56:04'),
(43, 8, 27, '2024-03-27 12:56:04', '2024-03-27 12:56:04'),
(44, 8, 28, '2024-03-27 12:56:04', '2024-03-27 12:56:04'),
(45, 8, 29, '2024-03-27 12:56:04', '2024-03-27 12:56:04'),
(46, 8, 30, '2024-03-27 12:56:04', '2024-03-27 12:56:04'),
(47, 8, 31, '2024-03-27 12:56:04', '2024-03-27 12:56:04'),
(48, 8, 32, '2024-03-27 12:56:04', '2024-03-27 12:56:04'),
(49, 8, 33, '2024-03-27 12:56:04', '2024-03-27 12:56:04'),
(50, 8, 34, '2024-03-27 12:56:04', '2024-03-27 12:56:04'),
(51, 8, 35, '2024-03-27 12:56:04', '2024-03-27 12:56:04'),
(52, 8, 36, '2024-03-27 12:56:04', '2024-03-27 12:56:04'),
(53, 8, 37, '2024-03-27 12:56:05', '2024-03-27 12:56:05'),
(54, 8, 38, '2024-03-27 12:56:05', '2024-03-27 12:56:05'),
(55, 8, 39, '2024-03-27 12:56:05', '2024-03-27 12:56:05'),
(56, 8, 40, '2024-03-27 12:56:05', '2024-03-27 12:56:05'),
(57, 8, 41, '2024-03-27 12:56:05', '2024-03-27 12:56:05'),
(58, 8, 42, '2024-03-27 12:56:05', '2024-03-27 12:56:05'),
(59, 8, 43, '2024-03-27 12:56:05', '2024-03-27 12:56:05'),
(60, 8, 44, '2024-03-27 12:56:05', '2024-03-27 12:56:05'),
(61, 8, 45, '2024-03-27 12:56:05', '2024-03-27 12:56:05'),
(62, 8, 46, '2024-03-27 12:56:05', '2024-03-27 12:56:05'),
(63, 8, 47, '2024-03-27 12:56:05', '2024-03-27 12:56:05'),
(64, 8, 48, '2024-03-27 12:56:05', '2024-03-27 12:56:05'),
(65, 8, 49, '2024-03-27 12:56:05', '2024-03-27 12:56:05'),
(66, 8, 50, '2024-03-27 12:56:05', '2024-03-27 12:56:05'),
(67, 8, 51, '2024-03-27 12:56:05', '2024-03-27 12:56:05'),
(68, 8, 52, '2024-03-27 12:56:05', '2024-03-27 12:56:05'),
(69, 8, 53, '2024-03-27 12:56:05', '2024-03-27 12:56:05'),
(70, 8, 54, '2024-03-27 12:56:05', '2024-03-27 12:56:05'),
(71, 8, 55, '2024-03-27 12:56:05', '2024-03-27 12:56:05'),
(72, 8, 56, '2024-03-27 12:56:05', '2024-03-27 12:56:05'),
(73, 8, 57, '2024-03-27 12:56:05', '2024-03-27 12:56:05'),
(74, 8, 58, '2024-03-27 12:56:05', '2024-03-27 12:56:05'),
(75, 8, 59, '2024-03-27 12:56:05', '2024-03-27 12:56:05'),
(76, 8, 60, '2024-03-27 12:56:05', '2024-03-27 12:56:05'),
(77, 8, 61, '2024-03-27 12:56:05', '2024-03-27 12:56:05'),
(78, 8, 62, '2024-03-27 12:56:05', '2024-03-27 12:56:05'),
(79, 8, 63, '2024-03-27 12:56:05', '2024-03-27 12:56:05'),
(80, 8, 64, '2024-03-27 12:56:05', '2024-03-27 12:56:05'),
(81, 8, 65, '2024-03-27 12:56:05', '2024-03-27 12:56:05'),
(82, 8, 66, '2024-03-27 12:56:05', '2024-03-27 12:56:05'),
(83, 8, 67, '2024-03-27 12:56:05', '2024-03-27 12:56:05'),
(84, 8, 68, '2024-03-27 12:56:05', '2024-03-27 12:56:05'),
(85, 8, 69, '2024-03-27 12:56:05', '2024-03-27 12:56:05'),
(86, 8, 70, '2024-03-27 12:56:05', '2024-03-27 12:56:05'),
(87, 8, 71, '2024-03-27 12:56:05', '2024-03-27 12:56:05'),
(88, 8, 72, '2024-03-27 12:56:05', '2024-03-27 12:56:05'),
(89, 8, 73, '2024-03-27 12:56:05', '2024-03-27 12:56:05'),
(90, 8, 74, '2024-03-27 12:56:05', '2024-03-27 12:56:05'),
(91, 6, 144, '2024-03-27 12:59:30', '2024-03-27 12:59:30'),
(92, 6, 145, '2024-03-27 12:59:30', '2024-03-27 12:59:30'),
(93, 6, 146, '2024-03-27 12:59:30', '2024-03-27 12:59:30'),
(94, 6, 147, '2024-03-27 12:59:30', '2024-03-27 12:59:30'),
(95, 6, 148, '2024-03-27 12:59:30', '2024-03-27 12:59:30'),
(96, 6, 149, '2024-03-27 12:59:30', '2024-03-27 12:59:30'),
(97, 6, 150, '2024-03-27 12:59:30', '2024-03-27 12:59:30'),
(98, 6, 222, '2024-03-27 13:00:50', '2024-03-27 13:00:50'),
(99, 13, 276, '2024-03-28 10:03:44', '2024-03-28 10:03:44'),
(100, 13, 277, '2024-03-28 10:03:44', '2024-03-28 10:03:44'),
(101, 13, 278, '2024-03-28 10:03:44', '2024-03-28 10:03:44'),
(102, 13, 279, '2024-03-28 10:03:44', '2024-03-28 10:03:44'),
(103, 13, 280, '2024-03-28 10:03:44', '2024-03-28 10:03:44'),
(104, 13, 281, '2024-03-28 10:03:44', '2024-03-28 10:03:44'),
(105, 13, 282, '2024-03-28 10:03:44', '2024-03-28 10:03:44'),
(106, 13, 283, '2024-03-28 10:03:44', '2024-03-28 10:03:44'),
(107, 13, 284, '2024-03-28 10:03:44', '2024-03-28 10:03:44'),
(108, 13, 285, '2024-03-28 10:03:44', '2024-03-28 10:03:44'),
(109, 13, 286, '2024-03-28 10:03:44', '2024-03-28 10:03:44'),
(110, 13, 287, '2024-03-28 10:03:44', '2024-03-28 10:03:44'),
(111, 13, 288, '2024-03-28 10:03:44', '2024-03-28 10:03:44'),
(112, 13, 289, '2024-03-28 10:03:44', '2024-03-28 10:03:44'),
(113, 13, 290, '2024-03-28 10:03:44', '2024-03-28 10:03:44'),
(114, 13, 291, '2024-03-28 10:03:44', '2024-03-28 10:03:44'),
(115, 13, 292, '2024-03-28 10:03:44', '2024-03-28 10:03:44'),
(116, 11, 236, '2024-03-28 10:05:56', '2024-03-28 10:05:56'),
(117, 11, 237, '2024-03-28 10:05:56', '2024-03-28 10:05:56'),
(118, 11, 238, '2024-03-28 10:05:56', '2024-03-28 10:05:56'),
(119, 11, 239, '2024-03-28 10:05:56', '2024-03-28 10:05:56'),
(120, 11, 240, '2024-03-28 10:05:56', '2024-03-28 10:05:56'),
(121, 11, 241, '2024-03-28 10:05:56', '2024-03-28 10:05:56'),
(122, 11, 242, '2024-03-28 10:05:56', '2024-03-28 10:05:56'),
(123, 11, 243, '2024-03-28 10:05:56', '2024-03-28 10:05:56'),
(124, 11, 244, '2024-03-28 10:05:56', '2024-03-28 10:05:56'),
(125, 11, 245, '2024-03-28 10:05:56', '2024-03-28 10:05:56'),
(126, 11, 246, '2024-03-28 10:05:56', '2024-03-28 10:05:56'),
(127, 11, 247, '2024-03-28 10:05:56', '2024-03-28 10:05:56'),
(128, 11, 248, '2024-03-28 10:05:56', '2024-03-28 10:05:56'),
(129, 11, 249, '2024-03-28 10:05:56', '2024-03-28 10:05:56'),
(130, 11, 250, '2024-03-28 10:05:56', '2024-03-28 10:05:56'),
(131, 11, 251, '2024-03-28 10:05:56', '2024-03-28 10:05:56'),
(132, 11, 252, '2024-03-28 10:05:56', '2024-03-28 10:05:56'),
(133, 11, 253, '2024-03-28 10:05:56', '2024-03-28 10:05:56'),
(134, 11, 254, '2024-03-28 10:05:56', '2024-03-28 10:05:56'),
(135, 11, 255, '2024-03-28 10:05:56', '2024-03-28 10:05:56'),
(136, 11, 256, '2024-03-28 10:05:56', '2024-03-28 10:05:56'),
(137, 11, 257, '2024-03-28 10:05:56', '2024-03-28 10:05:56'),
(138, 11, 258, '2024-03-28 10:05:56', '2024-03-28 10:05:56'),
(139, 11, 259, '2024-03-28 10:05:56', '2024-03-28 10:05:56'),
(140, 11, 260, '2024-03-28 10:05:56', '2024-03-28 10:05:56'),
(141, 11, 261, '2024-03-28 10:05:56', '2024-03-28 10:05:56'),
(142, 11, 262, '2024-03-28 10:05:56', '2024-03-28 10:05:56'),
(143, 11, 263, '2024-03-28 10:05:56', '2024-03-28 10:05:56'),
(144, 11, 264, '2024-03-28 10:05:56', '2024-03-28 10:05:56'),
(145, 11, 265, '2024-03-28 10:05:56', '2024-03-28 10:05:56'),
(146, 11, 266, '2024-03-28 10:05:56', '2024-03-28 10:05:56'),
(147, 11, 267, '2024-03-28 10:05:56', '2024-03-28 10:05:56'),
(148, 11, 268, '2024-03-28 10:05:56', '2024-03-28 10:05:56'),
(149, 11, 269, '2024-03-28 10:05:56', '2024-03-28 10:05:56'),
(150, 11, 270, '2024-03-28 10:05:56', '2024-03-28 10:05:56'),
(151, 11, 271, '2024-03-28 10:05:56', '2024-03-28 10:05:56'),
(152, 11, 272, '2024-03-28 10:05:56', '2024-03-28 10:05:56'),
(153, 11, 273, '2024-03-28 10:05:56', '2024-03-28 10:05:56'),
(154, 11, 274, '2024-03-28 10:05:56', '2024-03-28 10:05:56'),
(155, 11, 275, '2024-03-28 10:05:56', '2024-03-28 10:05:56'),
(156, 10, 223, '2024-03-28 10:09:18', '2024-03-28 10:09:18'),
(157, 10, 224, '2024-03-28 10:09:18', '2024-03-28 10:09:18'),
(158, 10, 225, '2024-03-28 10:09:18', '2024-03-28 10:09:18'),
(159, 10, 226, '2024-03-28 10:09:18', '2024-03-28 10:09:18'),
(160, 10, 227, '2024-03-28 10:09:18', '2024-03-28 10:09:18'),
(161, 10, 228, '2024-03-28 10:09:18', '2024-03-28 10:09:18'),
(162, 10, 229, '2024-03-28 10:09:18', '2024-03-28 10:09:18'),
(163, 10, 230, '2024-03-28 10:09:18', '2024-03-28 10:09:18'),
(164, 10, 231, '2024-03-28 10:09:18', '2024-03-28 10:09:18'),
(165, 10, 232, '2024-03-28 10:09:18', '2024-03-28 10:09:18'),
(166, 10, 233, '2024-03-28 10:09:18', '2024-03-28 10:09:18'),
(167, 10, 234, '2024-03-28 10:09:18', '2024-03-28 10:09:18'),
(168, 10, 235, '2024-03-28 10:09:18', '2024-03-28 10:09:18'),
(169, 12, 293, '2024-03-28 10:15:14', '2024-03-28 10:15:14'),
(170, 12, 294, '2024-03-28 10:15:14', '2024-03-28 10:15:14'),
(171, 12, 295, '2024-03-28 10:15:14', '2024-03-28 10:15:14'),
(172, 2, 296, '2024-03-28 10:21:44', '2024-03-28 10:21:44'),
(173, 2, 297, '2024-03-28 10:21:44', '2024-03-28 10:21:44'),
(174, 2, 298, '2024-03-28 10:21:44', '2024-03-28 10:21:44'),
(175, 2, 299, '2024-03-28 10:21:44', '2024-03-28 10:21:44'),
(176, 2, 300, '2024-03-28 10:21:44', '2024-03-28 10:21:44'),
(177, 2, 301, '2024-03-28 10:21:44', '2024-03-28 10:21:44'),
(178, 2, 302, '2024-03-28 10:21:44', '2024-03-28 10:21:44'),
(179, 2, 303, '2024-03-28 10:21:44', '2024-03-28 10:21:44'),
(180, 2, 304, '2024-03-28 10:21:44', '2024-03-28 10:21:44'),
(181, 2, 305, '2024-03-28 10:21:44', '2024-03-28 10:21:44'),
(182, 2, 306, '2024-03-28 10:21:44', '2024-03-28 10:21:44'),
(183, 2, 307, '2024-03-28 10:21:44', '2024-03-28 10:21:44'),
(184, 2, 308, '2024-03-28 10:21:44', '2024-03-28 10:21:44'),
(185, 2, 309, '2024-03-28 10:21:44', '2024-03-28 10:21:44'),
(186, 2, 310, '2024-03-28 10:21:44', '2024-03-28 10:21:44'),
(187, 2, 311, '2024-03-28 10:21:44', '2024-03-28 10:21:44'),
(188, 2, 312, '2024-03-28 10:21:44', '2024-03-28 10:21:44'),
(189, 2, 313, '2024-03-28 10:21:44', '2024-03-28 10:21:44'),
(190, 2, 314, '2024-03-28 10:21:44', '2024-03-28 10:21:44'),
(191, 2, 315, '2024-03-28 10:21:44', '2024-03-28 10:21:44'),
(192, 2, 316, '2024-03-28 10:21:44', '2024-03-28 10:21:44'),
(193, 2, 317, '2024-03-28 10:21:44', '2024-03-28 10:21:44'),
(194, 2, 318, '2024-03-28 10:21:44', '2024-03-28 10:21:44'),
(195, 2, 319, '2024-03-28 10:21:44', '2024-03-28 10:21:44'),
(196, 2, 320, '2024-03-28 10:21:44', '2024-03-28 10:21:44'),
(197, 2, 321, '2024-03-28 10:21:44', '2024-03-28 10:21:44'),
(198, 2, 322, '2024-03-28 10:21:44', '2024-03-28 10:21:44'),
(199, 2, 323, '2024-03-28 10:21:44', '2024-03-28 10:21:44'),
(200, 2, 324, '2024-03-28 10:21:44', '2024-03-28 10:21:44'),
(201, 2, 325, '2024-03-28 10:21:44', '2024-03-28 10:21:44'),
(202, 2, 326, '2024-03-28 10:21:44', '2024-03-28 10:21:44'),
(203, 2, 327, '2024-03-28 10:21:44', '2024-03-28 10:21:44'),
(204, 2, 328, '2024-03-28 10:21:44', '2024-03-28 10:21:44'),
(205, 2, 329, '2024-03-28 10:21:44', '2024-03-28 10:21:44'),
(206, 2, 330, '2024-03-28 10:21:44', '2024-03-28 10:21:44'),
(207, 2, 331, '2024-03-28 10:21:44', '2024-03-28 10:21:44'),
(208, 2, 332, '2024-03-28 10:21:44', '2024-03-28 10:21:44'),
(209, 2, 333, '2024-03-28 10:21:44', '2024-03-28 10:21:44'),
(210, 2, 334, '2024-03-28 10:21:44', '2024-03-28 10:21:44'),
(211, 2, 335, '2024-03-28 10:21:44', '2024-03-28 10:21:44'),
(212, 2, 336, '2024-03-28 10:21:44', '2024-03-28 10:21:44'),
(213, 2, 337, '2024-03-28 10:21:44', '2024-03-28 10:21:44'),
(214, 2, 338, '2024-03-28 10:21:44', '2024-03-28 10:21:44'),
(215, 3, 296, '2024-03-28 10:27:00', '2024-03-28 10:27:00'),
(216, 3, 297, '2024-03-28 10:27:00', '2024-03-28 10:27:00'),
(217, 3, 298, '2024-03-28 10:27:00', '2024-03-28 10:27:00'),
(218, 3, 299, '2024-03-28 10:27:00', '2024-03-28 10:27:00'),
(219, 3, 300, '2024-03-28 10:27:00', '2024-03-28 10:27:00'),
(220, 3, 301, '2024-03-28 10:27:00', '2024-03-28 10:27:00'),
(221, 3, 302, '2024-03-28 10:27:00', '2024-03-28 10:27:00'),
(222, 3, 303, '2024-03-28 10:27:00', '2024-03-28 10:27:00'),
(223, 3, 304, '2024-03-28 10:27:00', '2024-03-28 10:27:00'),
(224, 3, 305, '2024-03-28 10:27:00', '2024-03-28 10:27:00'),
(225, 3, 306, '2024-03-28 10:27:00', '2024-03-28 10:27:00'),
(226, 3, 307, '2024-03-28 10:27:00', '2024-03-28 10:27:00'),
(227, 3, 308, '2024-03-28 10:27:00', '2024-03-28 10:27:00'),
(228, 3, 309, '2024-03-28 10:27:00', '2024-03-28 10:27:00'),
(229, 3, 310, '2024-03-28 10:27:00', '2024-03-28 10:27:00'),
(230, 3, 311, '2024-03-28 10:27:00', '2024-03-28 10:27:00'),
(231, 3, 312, '2024-03-28 10:27:00', '2024-03-28 10:27:00'),
(232, 3, 313, '2024-03-28 10:27:00', '2024-03-28 10:27:00'),
(233, 3, 314, '2024-03-28 10:27:01', '2024-03-28 10:27:01'),
(234, 3, 315, '2024-03-28 10:27:01', '2024-03-28 10:27:01'),
(235, 3, 316, '2024-03-28 10:27:01', '2024-03-28 10:27:01'),
(236, 3, 317, '2024-03-28 10:27:01', '2024-03-28 10:27:01'),
(237, 3, 318, '2024-03-28 10:27:01', '2024-03-28 10:27:01'),
(238, 3, 319, '2024-03-28 10:27:01', '2024-03-28 10:27:01'),
(239, 3, 320, '2024-03-28 10:27:01', '2024-03-28 10:27:01'),
(240, 3, 321, '2024-03-28 10:27:01', '2024-03-28 10:27:01'),
(241, 3, 322, '2024-03-28 10:27:01', '2024-03-28 10:27:01'),
(242, 3, 323, '2024-03-28 10:27:01', '2024-03-28 10:27:01'),
(243, 3, 324, '2024-03-28 10:27:01', '2024-03-28 10:27:01'),
(244, 3, 325, '2024-03-28 10:27:01', '2024-03-28 10:27:01'),
(245, 3, 326, '2024-03-28 10:27:01', '2024-03-28 10:27:01'),
(246, 3, 327, '2024-03-28 10:27:01', '2024-03-28 10:27:01'),
(247, 3, 328, '2024-03-28 10:27:01', '2024-03-28 10:27:01'),
(248, 3, 329, '2024-03-28 10:27:01', '2024-03-28 10:27:01'),
(249, 3, 330, '2024-03-28 10:27:01', '2024-03-28 10:27:01'),
(250, 3, 331, '2024-03-28 10:27:01', '2024-03-28 10:27:01'),
(251, 3, 332, '2024-03-28 10:27:01', '2024-03-28 10:27:01'),
(252, 3, 333, '2024-03-28 10:27:01', '2024-03-28 10:27:01'),
(253, 3, 334, '2024-03-28 10:27:01', '2024-03-28 10:27:01'),
(254, 3, 335, '2024-03-28 10:27:01', '2024-03-28 10:27:01'),
(255, 3, 336, '2024-03-28 10:27:01', '2024-03-28 10:27:01'),
(256, 3, 337, '2024-03-28 10:27:01', '2024-03-28 10:27:01'),
(257, 3, 338, '2024-03-28 10:27:01', '2024-03-28 10:27:01'),
(260, 14, 340, '2024-04-03 16:04:00', '2024-04-03 16:04:00'),
(261, 15, 344, '2024-05-20 15:38:03', '2024-05-20 15:38:03'),
(262, 15, 345, '2024-05-20 15:38:03', '2024-05-20 15:38:03'),
(263, 15, 346, '2024-05-20 15:38:03', '2024-05-20 15:38:03'),
(264, 15, 347, '2024-05-20 15:38:03', '2024-05-20 15:38:03'),
(265, 15, 348, '2024-05-20 15:38:03', '2024-05-20 15:38:03'),
(266, 16, 349, '2024-05-20 16:01:53', '2024-05-20 16:01:53'),
(267, 16, 350, '2024-05-20 16:01:53', '2024-05-20 16:01:53'),
(268, 16, 351, '2024-05-20 16:01:53', '2024-05-20 16:01:53'),
(269, 16, 352, '2024-05-20 16:01:53', '2024-05-20 16:01:53'),
(270, 16, 354, '2024-05-20 16:01:53', '2024-05-20 16:01:53'),
(271, 16, 355, '2024-05-20 16:01:53', '2024-05-20 16:01:53'),
(272, 16, 356, '2024-05-20 16:01:53', '2024-05-20 16:01:53'),
(273, 16, 357, '2024-05-20 16:01:53', '2024-05-20 16:01:53'),
(274, 16, 358, '2024-05-20 16:01:53', '2024-05-20 16:01:53'),
(275, 16, 359, '2024-05-20 16:01:53', '2024-05-20 16:01:53'),
(276, 16, 360, '2024-05-20 16:01:53', '2024-05-20 16:01:53'),
(277, 16, 361, '2024-05-20 16:01:53', '2024-05-20 16:01:53'),
(278, 16, 362, '2024-05-20 16:01:53', '2024-05-20 16:01:53'),
(279, 16, 363, '2024-05-20 16:01:53', '2024-05-20 16:01:53'),
(280, 16, 364, '2024-05-20 16:01:53', '2024-05-20 16:01:53'),
(281, 16, 365, '2024-05-20 16:01:53', '2024-05-20 16:01:53'),
(282, 16, 366, '2024-05-20 16:01:53', '2024-05-20 16:01:53'),
(283, 16, 367, '2024-05-20 16:01:53', '2024-05-20 16:01:53'),
(284, 16, 368, '2024-05-20 16:01:53', '2024-05-20 16:01:53'),
(285, 16, 369, '2024-05-20 16:01:53', '2024-05-20 16:01:53'),
(286, 16, 370, '2024-05-20 16:01:53', '2024-05-20 16:01:53'),
(287, 16, 371, '2024-05-20 16:01:53', '2024-05-20 16:01:53'),
(288, 16, 372, '2024-05-20 16:01:53', '2024-05-20 16:01:53'),
(289, 16, 373, '2024-05-20 16:01:53', '2024-05-20 16:01:53'),
(290, 16, 374, '2024-05-20 16:01:53', '2024-05-20 16:01:53'),
(291, 16, 375, '2024-05-20 16:01:53', '2024-05-20 16:01:53'),
(292, 16, 376, '2024-05-20 16:01:53', '2024-05-20 16:01:53'),
(293, 16, 377, '2024-05-20 16:01:53', '2024-05-20 16:01:53'),
(294, 16, 378, '2024-05-20 16:01:53', '2024-05-20 16:01:53'),
(295, 16, 379, '2024-05-20 16:01:53', '2024-05-20 16:01:53'),
(296, 16, 380, '2024-05-20 16:01:53', '2024-05-20 16:01:53'),
(297, 16, 381, '2024-05-20 16:01:53', '2024-05-20 16:01:53'),
(298, 16, 382, '2024-05-20 16:01:53', '2024-05-20 16:01:53'),
(299, 16, 383, '2024-05-20 16:01:53', '2024-05-20 16:01:53'),
(300, 16, 384, '2024-05-20 16:01:53', '2024-05-20 16:01:53'),
(301, 16, 385, '2024-05-20 16:01:53', '2024-05-20 16:01:53'),
(302, 16, 386, '2024-05-20 16:01:53', '2024-05-20 16:01:53'),
(303, 16, 388, '2024-05-20 16:01:53', '2024-05-20 16:01:53'),
(304, 16, 389, '2024-05-20 16:01:53', '2024-05-20 16:01:53'),
(305, 16, 390, '2024-05-20 16:01:53', '2024-05-20 16:01:53'),
(306, 16, 391, '2024-05-20 16:01:53', '2024-05-20 16:01:53'),
(307, 16, 392, '2024-05-20 16:01:53', '2024-05-20 16:01:53'),
(308, 16, 393, '2024-05-20 16:01:53', '2024-05-20 16:01:53'),
(309, 16, 394, '2024-05-20 16:01:53', '2024-05-20 16:01:53'),
(310, 16, 395, '2024-05-20 16:01:53', '2024-05-20 16:01:53'),
(311, 16, 396, '2024-05-20 16:01:53', '2024-05-20 16:01:53'),
(312, 16, 397, '2024-05-20 16:01:53', '2024-05-20 16:01:53'),
(313, 16, 398, '2024-05-20 16:01:53', '2024-05-20 16:01:53'),
(314, 16, 399, '2024-05-20 16:01:53', '2024-05-20 16:01:53'),
(315, 16, 400, '2024-05-20 16:01:53', '2024-05-20 16:01:53'),
(316, 16, 401, '2024-05-20 16:01:53', '2024-05-20 16:01:53'),
(317, 16, 402, '2024-05-20 16:01:53', '2024-05-20 16:01:53'),
(318, 16, 403, '2024-05-20 16:01:53', '2024-05-20 16:01:53'),
(319, 16, 404, '2024-05-20 16:01:53', '2024-05-20 16:01:53');

-- --------------------------------------------------------

--
-- Table structure for table `faqs`
--

CREATE TABLE `faqs` (
  `id` bigint(20) UNSIGNED NOT NULL,
  `question` varchar(255) DEFAULT NULL,
  `answer` varchar(255) DEFAULT NULL,
  `created_at` timestamp NULL DEFAULT NULL,
  `updated_at` timestamp NULL DEFAULT NULL
) ENGINE=InnoDB DEFAULT CHARSET=utf8mb4 COLLATE=utf8mb4_unicode_ci;

--
-- Dumping data for table `faqs`
--

INSERT INTO `faqs` (`id`, `question`, `answer`, `created_at`, `updated_at`) VALUES
(2, '<p><strong>What is Lorem Ipsum?</strong></p>', '<p>Lorem Ipsum is simply dummy text of the printing and typesetting industry. Lorem Ipsum has been the industry\'s standard dummy text ever since the 1500s, when an unknown printer took a galley of type and scrambled it to make a type specimen book.</p>', '2023-12-27 06:28:57', '2023-12-27 06:28:57');

-- --------------------------------------------------------

--
-- Table structure for table `galleries`
--

CREATE TABLE `galleries` (
  `id` bigint(20) UNSIGNED NOT NULL,
  `image` varchar(255) DEFAULT NULL,
  `created_at` timestamp NULL DEFAULT NULL,
  `updated_at` timestamp NULL DEFAULT NULL
) ENGINE=InnoDB DEFAULT CHARSET=utf8mb4 COLLATE=utf8mb4_unicode_ci;

--
-- Dumping data for table `galleries`
--

INSERT INTO `galleries` (`id`, `image`, `created_at`, `updated_at`) VALUES
(1, 'public/admin/assets/images/users/1711361760.png', '2024-03-25 14:16:00', '2024-03-25 14:16:00'),
(2, 'public/admin/assets/images/users/1711361822.jpeg', '2024-03-25 14:17:02', '2024-03-25 14:17:02'),
(3, 'public/admin/assets/images/users/1711361870.png', '2024-03-25 14:17:50', '2024-03-25 14:17:50'),
(4, 'public/admin/assets/images/users/1711361938.png', '2024-03-25 14:18:58', '2024-03-25 14:18:58'),
(5, 'public/admin/assets/images/users/1711362358.png', '2024-03-25 14:25:58', '2024-03-25 14:25:58'),
(6, 'public/admin/assets/images/users/1711362632.png', '2024-03-25 14:30:32', '2024-03-25 14:30:32'),
(8, 'public/admin/assets/images/users/1711362788.png', '2024-03-25 14:33:08', '2024-03-25 14:33:08'),
(9, 'public/admin/assets/images/users/1711362941.png', '2024-03-25 14:35:41', '2024-03-25 14:35:41'),
(10, 'public/admin/assets/images/users/1711363016.png', '2024-03-25 14:36:56', '2024-03-25 14:36:56'),
(11, 'public/admin/assets/images/users/1711363069.png', '2024-03-25 14:37:49', '2024-03-25 14:37:49'),
(12, 'public/admin/assets/images/users/1711363631.jpeg', '2024-03-25 14:47:11', '2024-03-25 14:47:11'),
(13, 'public/admin/assets/images/users/1711363676.jpeg', '2024-03-25 14:47:56', '2024-03-25 14:47:56'),
(14, 'public/admin/assets/images/users/1711363719.jpeg', '2024-03-25 14:48:39', '2024-03-25 14:48:39'),
(15, 'public/admin/assets/images/users/1711363766.png', '2024-03-25 14:49:26', '2024-03-25 14:49:26'),
(16, 'public/admin/assets/images/users/1711363806.jpg', '2024-03-25 14:50:06', '2024-03-25 14:50:06'),
(17, 'public/admin/assets/images/users/1711363890.png', '2024-03-25 14:51:30', '2024-03-25 14:51:30'),
(18, 'public/admin/assets/images/users/1711363989.png', '2024-03-25 14:53:09', '2024-03-25 14:53:09'),
(19, 'public/admin/assets/images/users/1711364057.png', '2024-03-25 14:54:17', '2024-03-25 14:54:17'),
(20, 'public/admin/assets/images/users/1711364093.webp', '2024-03-25 14:54:53', '2024-03-25 14:54:53'),
(21, 'public/admin/assets/images/users/1711364116.webp', '2024-03-25 14:55:16', '2024-03-25 14:55:16'),
(22, 'public/admin/assets/images/users/1711364136.webp', '2024-03-25 14:55:36', '2024-03-25 14:55:36');

-- --------------------------------------------------------

--
-- Table structure for table `menus`
--

CREATE TABLE `menus` (
  `id` bigint(20) UNSIGNED NOT NULL,
  `name` varchar(255) DEFAULT NULL,
  `created_at` timestamp NULL DEFAULT NULL,
  `updated_at` timestamp NULL DEFAULT NULL
) ENGINE=InnoDB DEFAULT CHARSET=utf8mb4 COLLATE=utf8mb4_unicode_ci;

--
-- Dumping data for table `menus`
--

INSERT INTO `menus` (`id`, `name`, `created_at`, `updated_at`) VALUES
(6, 'MOST POPULAR', '2023-12-27 08:14:48', '2023-12-27 08:14:48'),
(7, 'AVOCADO TOAST & MORE', '2023-12-27 08:15:04', '2023-12-27 08:15:04'),
(8, 'BREAKFAST SHAKES', '2023-12-27 08:15:15', '2023-12-27 08:15:15'),
(9, 'CLASSIC FRUIT SMOOTHIES', '2023-12-27 08:15:27', '2023-12-27 08:15:27'),
(10, 'FRESH JUICES', '2023-12-27 08:15:38', '2023-12-27 08:15:38'),
(11, 'LIFESTYLE SMOOTHIES', '2023-12-27 08:15:56', '2023-12-27 08:15:56'),
(12, 'NEW SMOOTHIES', '2023-12-27 08:16:06', '2023-12-27 08:16:06'),
(13, 'KETO SMOOTHIES', '2023-12-27 08:16:17', '2023-12-27 08:16:17'),
(14, 'BOWLS', '2023-12-27 08:16:25', '2023-12-27 08:16:25'),
(15, 'SHOTS', '2023-12-27 08:16:33', '2023-12-27 08:16:33'),
(16, 'ON THE LIGHTER SIDE', '2023-12-27 08:16:42', '2023-12-27 08:16:42'),
(17, 'SPORTS NUTRITION', '2023-12-27 08:16:57', '2023-12-27 08:16:57'),
(25, 'HANDMADE ITEMS', '2024-04-03 15:58:40', '2024-05-20 10:08:50'),
(27, 'SHAKES', '2024-05-20 12:31:33', '2024-05-20 12:31:33'),
(28, 'SMOOTHIE BAR', '2024-05-20 14:48:50', '2024-05-20 14:48:50');

-- --------------------------------------------------------

--
-- Table structure for table `menu_galleries`
--

CREATE TABLE `menu_galleries` (
  `id` bigint(20) UNSIGNED NOT NULL,
  `image` varchar(255) DEFAULT NULL,
  `created_at` timestamp NULL DEFAULT NULL,
  `updated_at` timestamp NULL DEFAULT NULL
) ENGINE=InnoDB DEFAULT CHARSET=utf8mb4 COLLATE=utf8mb4_unicode_ci;

--
-- Dumping data for table `menu_galleries`
--

INSERT INTO `menu_galleries` (`id`, `image`, `created_at`, `updated_at`) VALUES
(1, 'public/admin/assets/images/users/1703662296.webp', '2023-12-27 02:20:00', '2023-12-27 02:31:36'),
(2, 'public/admin/assets/images/users/1703661654.webp', '2023-12-27 02:20:54', '2023-12-27 02:20:54'),
(3, 'public/admin/assets/images/users/1703661663.webp', '2023-12-27 02:21:03', '2023-12-27 02:21:03'),
(4, 'public/admin/assets/images/users/1703661670.webp', '2023-12-27 02:21:10', '2023-12-27 02:21:10'),
(5, 'public/admin/assets/images/users/1703661678.webp', '2023-12-27 02:21:18', '2023-12-27 02:21:18'),
(6, 'public/admin/assets/images/users/1703661688.webp', '2023-12-27 02:21:28', '2023-12-27 02:21:28'),
(7, 'public/admin/assets/images/users/1703661697.webp', '2023-12-27 02:21:37', '2023-12-27 02:21:37'),
(8, 'public/admin/assets/images/users/1703661705.webp', '2023-12-27 02:21:45', '2023-12-27 02:21:45'),
(9, 'public/admin/assets/images/users/1703661712.webp', '2023-12-27 02:21:52', '2023-12-27 02:21:52');

-- --------------------------------------------------------

--
-- Table structure for table `migrations`
--

CREATE TABLE `migrations` (
  `id` int(10) UNSIGNED NOT NULL,
  `migration` varchar(255) NOT NULL,
  `batch` int(11) NOT NULL
) ENGINE=InnoDB DEFAULT CHARSET=utf8mb4 COLLATE=utf8mb4_unicode_ci;

--
-- Dumping data for table `migrations`
--

INSERT INTO `migrations` (`id`, `migration`, `batch`) VALUES
(1, '2019_12_14_000001_create_personal_access_tokens_table', 1),
(2, '2021_12_17_063251_create_admins_table', 1),
(3, '2021_12_18_062039_password_resets', 1),
(4, '2021_12_20_060915_create_privacy_policies_table', 1),
(5, '2021_12_20_085741_create_term_conditions_table', 1),
(6, '2023_01_10_115236_create_users_table', 1),
(7, '2023_01_18_102651_create_faqs_table', 1),
(8, '2023_01_18_115549_create_abouts_table', 1),
(9, '2023_02_06_084933_create_roles_table', 1),
(10, '2023_02_06_085229_create_role_user_table', 1),
(11, '2023_12_11_063016_create_menus_table', 2),
(12, '2023_12_11_072013_create_products_table', 3),
(13, '2023_12_11_080805_create_toppings_table', 4),
(14, '2023_12_11_084842_create_topping_products_table', 5),
(15, '2023_12_12_074718_create_galleries_table', 6),
(16, '2023_12_12_105729_add_price_to_toppings_table', 7),
(17, '2023_12_13_060432_create_orders_table', 8),
(18, '2023_12_13_063251_create_order_addresses_table', 9),
(19, '2023_12_13_063507_create_order_items_table', 10),
(20, '2023_12_13_055834_add_column_name_to_branches_table', 11),
(21, '2023_12_20_063803_create_order_item_toppings_table', 12),
(22, '2023_12_13_053701_create_branches_table', 13),
(23, '2023_12_15_104200_create_schedules_table', 13),
(24, '2023_12_21_054415_create_time_slots_table', 13),
(25, '2023_12_22_092839_add_column_name_to_order_items_table', 14),
(26, '2023_12_27_070020_create_menu_galleries_table', 15),
(27, '2023_12_27_115348_create_sea_mosses_table', 16),
(28, '2023_12_27_115639_create_seamosses_table', 17),
(30, '2023_12_28_181847_add_date_to_order_items_table', 18),
(31, '2023_12_30_182358_add_status_to_branches_table', 19),
(32, '2023_12_31_144043_create_user_time_slotes_table', 20),
(33, '2024_01_01_045641_add_date_to_user_time_slotes_table', 21),
(34, '2024_01_01_164928_add_seen_to_orders_table', 22),
(35, '2024_03_05_104521_add_vehicle_color_to_orders_table', 23),
(36, '2024_03_05_110443_add_product_size_to_order_items_table', 24),
(37, '2024_03_05_134105_add_column_to_table', 25);

-- --------------------------------------------------------

--
-- Table structure for table `orders`
--

CREATE TABLE `orders` (
  `id` bigint(20) UNSIGNED NOT NULL,
  `user_id` bigint(20) UNSIGNED DEFAULT NULL,
  `code` varchar(255) DEFAULT NULL,
  `status` varchar(255) DEFAULT NULL,
  `payment` varchar(255) DEFAULT NULL,
  `total_amount` varchar(255) DEFAULT NULL,
  `redeemed` varchar(255) DEFAULT NULL,
  `created_at` timestamp NULL DEFAULT NULL,
  `updated_at` timestamp NULL DEFAULT NULL,
  `date` varchar(255) DEFAULT NULL,
  `time` varchar(255) DEFAULT NULL,
  `seen` varchar(255) NOT NULL DEFAULT '0',
  `vehicle_color` varchar(255) DEFAULT NULL,
  `vehicle_number` varchar(255) DEFAULT NULL
) ENGINE=InnoDB DEFAULT CHARSET=utf8mb4 COLLATE=utf8mb4_unicode_ci;

--
-- Dumping data for table `orders`
--

INSERT INTO `orders` (`id`, `user_id`, `code`, `status`, `payment`, `total_amount`, `redeemed`, `created_at`, `updated_at`, `date`, `time`, `seen`, `vehicle_color`, `vehicle_number`) VALUES
(298, 5, '88696462', 'Pending', 'cash on delivery', '159.13', 'NULL', '2024-04-08 14:47:50', '2024-04-08 14:47:50', NULL, '6:00 AM', '0', 'NULL', 'NULL'),
(300, 5, '65525938', 'Pending', 'cash on delivery', '170.97', '2', '2024-04-08 14:58:43', '2024-04-08 14:58:43', NULL, '6:00 AM', '0', 'NULL', 'NULL'),
(301, 5, '47706674', 'Pending', 'cash on delivery', '151.06', 'NULL', '2024-04-15 10:02:25', '2024-04-15 10:02:25', NULL, '6:00 AM', '0', 'NULL', 'NULL'),
(302, 41, '81233292', 'Pending', 'cash on delivery', '21.07', 'NULL', '2024-04-17 14:58:52', '2024-04-17 14:58:52', NULL, '6:00 AM', '0', 'NULL', 'NULL'),
(303, 5, '99648407', 'Pending', 'cash on delivery', '8.08', 'NULL', '2024-04-17 17:16:16', '2024-04-17 17:16:16', NULL, '6:00 AM', '0', 'NULL', 'NULL');

-- --------------------------------------------------------

--
-- Table structure for table `order_addresses`
--

CREATE TABLE `order_addresses` (
  `id` bigint(20) UNSIGNED NOT NULL,
  `order_id` bigint(20) UNSIGNED DEFAULT NULL,
  `user_name` varchar(255) DEFAULT NULL,
  `email` varchar(255) NOT NULL,
  `address` varchar(255) DEFAULT NULL,
  `state` varchar(255) DEFAULT NULL,
  `city` varchar(255) DEFAULT NULL,
  `postal_code` varchar(255) DEFAULT NULL,
  `phone_no` varchar(255) DEFAULT NULL,
  `created_at` timestamp NULL DEFAULT NULL,
  `updated_at` timestamp NULL DEFAULT NULL
) ENGINE=InnoDB DEFAULT CHARSET=utf8mb4 COLLATE=utf8mb4_unicode_ci;

-- --------------------------------------------------------

--
-- Table structure for table `order_items`
--

CREATE TABLE `order_items` (
  `id` bigint(20) UNSIGNED NOT NULL,
  `order_id` bigint(20) UNSIGNED DEFAULT NULL,
  `product_id` bigint(20) UNSIGNED DEFAULT NULL,
  `branch_id` bigint(20) UNSIGNED DEFAULT NULL,
  `product_name` varchar(255) DEFAULT NULL,
  `product_size` varchar(255) DEFAULT NULL,
  `product_price` varchar(255) DEFAULT NULL,
  `quantity` text DEFAULT NULL,
  `tip` varchar(255) DEFAULT NULL,
  `sub_total` varchar(255) DEFAULT NULL,
  `created_at` timestamp NULL DEFAULT NULL,
  `updated_at` timestamp NULL DEFAULT NULL,
  `status` varchar(255) DEFAULT 'Pending'
) ENGINE=InnoDB DEFAULT CHARSET=utf8mb4 COLLATE=utf8mb4_unicode_ci;

--
-- Dumping data for table `order_items`
--

INSERT INTO `order_items` (`id`, `order_id`, `product_id`, `branch_id`, `product_name`, `product_size`, `product_price`, `quantity`, `tip`, `sub_total`, `created_at`, `updated_at`, `status`) VALUES
(299, 298, 107, 6, 'Mango Sunrise', '16oz', '5.99', '26', '0', '155.74', '2024-04-08 14:47:50', '2024-04-08 14:47:50', 'Pending'),
(301, 300, 133, 6, 'Acai Pitaya Bowl', '', '9.99', '17', '0', '169.83', '2024-04-08 14:58:43', '2024-04-08 14:58:43', 'Pending'),
(302, 301, 133, 6, 'Acai Pitaya Bowl', '', '9.99', '8', '0', '79.92', '2024-04-15 10:02:25', '2024-04-15 10:02:25', 'Pending'),
(303, 302, 133, 7, 'Acai Pitaya Bowl', '', '9.99', '2', '0', '19.98', '2024-04-17 14:58:52', '2024-04-17 14:58:52', 'Pending'),
(304, 303, 75, 7, 'Coffee Break', '16oz', '6.99', '1', '0', '6.99', '2024-04-17 17:16:16', '2024-04-17 17:16:16', 'Pending');

-- --------------------------------------------------------

--
-- Table structure for table `order_item_toppings`
--

CREATE TABLE `order_item_toppings` (
  `id` bigint(20) UNSIGNED NOT NULL,
  `order_item_id` bigint(20) UNSIGNED DEFAULT NULL,
  `category_id` bigint(20) UNSIGNED DEFAULT NULL,
  `topping_id` bigint(20) UNSIGNED NOT NULL,
  `created_at` timestamp NULL DEFAULT NULL,
  `updated_at` timestamp NULL DEFAULT NULL
) ENGINE=InnoDB DEFAULT CHARSET=utf8mb4 COLLATE=utf8mb4_unicode_ci;

--
-- Dumping data for table `order_item_toppings`
--

INSERT INTO `order_item_toppings` (`id`, `order_item_id`, `category_id`, `topping_id`, `created_at`, `updated_at`) VALUES
(462, 299, 6, 147, '2024-04-08 14:47:50', '2024-04-08 14:47:50'),
(463, 299, 6, 148, '2024-04-08 14:47:50', '2024-04-08 14:47:50'),
(464, 299, 6, 149, '2024-04-08 14:47:50', '2024-04-08 14:47:50'),
(465, 302, 2, 2, '2024-04-15 10:02:25', '2024-04-15 10:02:25'),
(466, 302, 2, 5, '2024-04-15 10:02:25', '2024-04-15 10:02:25');

-- --------------------------------------------------------

--
-- Table structure for table `password_resets`
--

CREATE TABLE `password_resets` (
  `email` varchar(255) NOT NULL,
  `token` varchar(255) NOT NULL,
  `created_at` timestamp NULL DEFAULT NULL
) ENGINE=InnoDB DEFAULT CHARSET=utf8mb4 COLLATE=utf8mb4_unicode_ci;

--
-- Dumping data for table `password_resets`
--

INSERT INTO `password_resets` (`email`, `token`, `created_at`) VALUES
('katiemchugh56@gmail.com', '8q2uxTDWmn82M3J2nSBfCMnJ0EMeYh', NULL),
('adiaz41683@gmail.com', 'POUY0hy2JC6aLgEAWzeB5kOeWyb6t4', NULL),
('eelagmi.realtor@gmail.com', 'I9vFKROESpJxl2IJPys289gBh9ALIV', NULL),
('ali.gilani@yahoo.com', '4Wr8FIVg3C9oxiSvaQeINhX9aDWH6Z', NULL),
('asfand.ranglerz+355@gmail.com', 'sRSaZJUsKN55jnB5xPNenMEv8eqOMX', NULL),
('alba_collado@hotmail.com', 'sFtdaYIYKdMaNd3JBp5VDSbxeSpM7S', NULL),
('meansquan@yahoo.com', 'dMLZCdl30y7vSyVyPZHYVNZNztsrZz', NULL),
('marybell70@yahoo.com', 'gvLMY1ueR9oporIP2LzHdy91tDuCPp', NULL),
('aptheagent@gmail.com', 'guTN3OV1gHL5w50UBrrK4pS3GutUqp', NULL),
('jen2903@icloud.com', 'cZG4l2VkwnKlsPUXlJq0MMBqFKMu87', NULL),
('rameez.ranglerz@gmail.com', 'u7Qody1rxOqL2aW3D1i52Et6eAyer1', NULL);

-- --------------------------------------------------------

--
-- Table structure for table `personal_access_tokens`
--

CREATE TABLE `personal_access_tokens` (
  `id` bigint(20) UNSIGNED NOT NULL,
  `tokenable_type` varchar(255) NOT NULL,
  `tokenable_id` bigint(20) UNSIGNED NOT NULL,
  `name` varchar(255) NOT NULL,
  `token` varchar(64) NOT NULL,
  `abilities` text DEFAULT NULL,
  `last_used_at` timestamp NULL DEFAULT NULL,
  `created_at` timestamp NULL DEFAULT NULL,
  `updated_at` timestamp NULL DEFAULT NULL
) ENGINE=InnoDB DEFAULT CHARSET=utf8mb4 COLLATE=utf8mb4_unicode_ci;

-- --------------------------------------------------------

--
-- Table structure for table `privacy_policies`
--

CREATE TABLE `privacy_policies` (
  `id` bigint(20) UNSIGNED NOT NULL,
  `description` text DEFAULT NULL,
  `created_at` timestamp NULL DEFAULT NULL,
  `updated_at` timestamp NULL DEFAULT NULL
) ENGINE=InnoDB DEFAULT CHARSET=utf8mb4 COLLATE=utf8mb4_unicode_ci;

--
-- Dumping data for table `privacy_policies`
--

INSERT INTO `privacy_policies` (`id`, `description`, `created_at`, `updated_at`) VALUES
(1, '<h2><strong>Privacy Policy</strong></h2><p>Last updated: January 24, 2024</p><p>This Privacy Policy describes Our policies and procedures on the collection, use and disclosure of Your information when You use the Service and tells You about Your privacy rights and how the law protects You.</p><p>We use Your Personal data to provide and improve the Service. By using the Service, You agree to the collection and use of information in accordance with this Privacy Policy. This Privacy Policy has been created with the help of the <a href=\"https://www.termsfeed.com/privacy-policy-generator/\">Privacy Policy Generator</a>.</p><h2><strong>Interpretation and Definitions</strong></h2><h3><strong>Interpretation</strong></h3><p>The words of which the initial letter is capitalized have meanings defined under the following conditions. The following definitions shall have the same meaning regardless of whether they appear in singular or in plural.</p><h3><strong>Definitions</strong></h3><p>For the purposes of this Privacy Policy:</p><p><strong>Account</strong> means a unique account created for You to access our Service or parts of our Service.</p><p><strong>Affiliate</strong> means an entity that controls, is controlled by or is under common control with a party, where \"control\" means ownership of 50% or more of the shares, equity interest or other securities entitled to vote for election of directors or other managing authority.</p><p><strong>Application</strong> refers to aznutritionandsmoothie, the software program provided by the Company.</p><p><strong>Company</strong> (referred to as either \"the Company\", \"We\", \"Us\" or \"Our\" in this Agreement) refers to aznutritionandsmoothie, 123 Street, New York, USA.</p><p><strong>Country</strong> refers to: Jersey</p><p><strong>Device</strong> means any device that can access the Service such as a computer, a cellphone or a digital tablet.</p><p><strong>Personal Data</strong> is any information that relates to an identified or identifiable individual.</p><p><strong>Service</strong> refers to the Application.</p><p><strong>Service Provider</strong> means any natural or legal person who processes the data on behalf of the Company. It refers to third-party companies or individuals employed by the Company to facilitate the Service, to provide the Service on behalf of the Company, to perform services related to the Service or to assist the Company in analyzing how the Service is used.</p><p><strong>Usage Data</strong> refers to data collected automatically, either generated by the use of the Service or from the Service infrastructure itself (for example, the duration of a page visit).</p><p><strong>You</strong> means the individual accessing or using the Service, or the company, or other legal entity on behalf of which such individual is accessing or using the Service, as applicable.</p><h2><strong>Collecting and Using Your Personal Data</strong></h2><h3><strong>Types of Data Collected</strong></h3><h4><strong>Personal Data</strong></h4><p>While using Our Service, We may ask You to provide Us with certain personally identifiable information that can be used to contact or identify You. Personally identifiable information may include, but is not limited to:</p><p>Email address</p><p>Usage Data</p><h4><strong>Usage Data</strong></h4><p>Usage Data is collected automatically when using the Service.</p><p>Usage Data may include information such as Your Device\'s Internet Protocol address (e.g. IP address), browser type, browser version, the pages of our Service that You visit, the time and date of Your visit, the time spent on those pages, unique device identifiers and other diagnostic data.</p><p>When You access the Service by or through a mobile device, We may collect certain information automatically, including, but not limited to, the type of mobile device You use, Your mobile device unique ID, the IP address of Your mobile device, Your mobile operating system, the type of mobile Internet browser You use, unique device identifiers and other diagnostic data.</p><p>We may also collect information that Your browser sends whenever You visit our Service or when You access the Service by or through a mobile device.</p><h3><strong>Use of Your Personal Data</strong></h3><p>The Company may use Personal Data for the following purposes:</p><p><strong>To provide and maintain our Service</strong>, including to monitor the usage of our Service.</p><p><strong>To manage Your Account:</strong> to manage Your registration as a user of the Service. The Personal Data You provide can give You access to different functionalities of the Service that are available to You as a registered user.</p><p><strong>For the performance of a contract:</strong> the development, compliance and undertaking of the purchase contract for the products, items or services You have purchased or of any other contract with Us through the Service.</p><p><strong>To contact You:</strong> To contact You by email, telephone calls, SMS, or other equivalent forms of electronic communication, such as a mobile application\'s push notifications regarding updates or informative communications related to the functionalities, products or contracted services, including the security updates, when necessary or reasonable for their implementation.</p><p><strong>To provide You</strong> with news, special offers and general information about other goods, services and events which we offer that are similar to those that you have already purchased or enquired about unless You have opted not to receive such information.</p><p><strong>To manage Your requests:</strong> To attend and manage Your requests to Us.</p><p><strong>For business transfers:</strong> We may use Your information to evaluate or conduct a merger, divestiture, restructuring, reorganization, dissolution, or other sale or transfer of some or all of Our assets, whether as a going concern or as part of bankruptcy, liquidation, or similar proceeding, in which Personal Data held by Us about our Service users is among the assets transferred.</p><p><strong>For other purposes</strong>: We may use Your information for other purposes, such as data analysis, identifying usage trends, determining the effectiveness of our promotional campaigns and to evaluate and improve our Service, products, services, marketing and your experience.</p><p>We may share Your personal information in the following situations:</p><ul><li><strong>With Service Providers:</strong> We may share Your personal information with Service Providers to monitor and analyze the use of our Service, to contact You.</li><li><strong>For business transfers:</strong> We may share or transfer Your personal information in connection with, or during negotiations of, any merger, sale of Company assets, financing, or acquisition of all or a portion of Our business to another company.</li><li><strong>With Affiliates:</strong> We may share Your information with Our affiliates, in which case we will require those affiliates to honor this Privacy Policy. Affiliates include Our parent company and any other subsidiaries, joint venture partners or other companies that We control or that are under common control with Us.</li><li><strong>With business partners:</strong> We may share Your information with Our business partners to offer You certain products, services or promotions.</li><li><strong>With other users:</strong> when You share personal information or otherwise interact in the public areas with other users, such information may be viewed by all users and may be publicly distributed outside.</li><li><strong>With Your consent</strong>: We may disclose Your personal information for any other purpose with Your consent.</li></ul><h3><strong>Retention of Your Personal Data</strong></h3><p>The Company will retain Your Personal Data only for as long as is necessary for the purposes set out in this Privacy Policy. We will retain and use Your Personal Data to the extent necessary to comply with our legal obligations (for example, if we are required to retain your data to comply with applicable laws), resolve disputes, and enforce our legal agreements and policies.</p><p>The Company will also retain Usage Data for internal analysis purposes. Usage Data is generally retained for a shorter period of time, except when this data is used to strengthen the security or to improve the functionality of Our Service, or We are legally obligated to retain this data for longer time periods.</p><h3><strong>Transfer of Your Personal Data</strong></h3><p>Your information, including Personal Data, is processed at the Company\'s operating offices and in any other places where the parties involved in the processing are located. It means that this information may be transferred to  and maintained on  computers located outside of Your state, province, country or other governmental jurisdiction where the data protection laws may differ than those from Your jurisdiction.</p><p>Your consent to this Privacy Policy followed by Your submission of such information represents Your agreement to that transfer.</p><p>The Company will take all steps reasonably necessary to ensure that Your data is treated securely and in accordance with this Privacy Policy and no transfer of Your Personal Data will take place to an organization or a country unless there are adequate controls in place including the security of Your data and other personal information.</p><h3><strong>Delete Your Personal Data</strong></h3><p>You have the right to delete or request that We assist in deleting the Personal Data that We have collected about You.</p><p>Our Service may give You the ability to delete certain information about You from within the Service.</p><p>You may update, amend, or delete Your information at any time by signing in to Your Account, if you have one, and visiting the account settings section that allows you to manage Your personal information. You may also contact Us to request access to, correct, or delete any personal information that You have provided to Us.</p><p>Please note, however, that We may need to retain certain information when we have a legal obligation or lawful basis to do so.</p><h3><strong>Disclosure of Your Personal Data</strong></h3><h4><strong>Business Transactions</strong></h4><p>If the Company is involved in a merger, acquisition or asset sale, Your Personal Data may be transferred. We will provide notice before Your Personal Data is transferred and becomes subject to a different Privacy Policy.</p><h4><strong>Law enforcement</strong></h4><p>Under certain circumstances, the Company may be required to disclose Your Personal Data if required to do so by law or in response to valid requests by public authorities (e.g. a court or a government agency).</p><h4><strong>Other legal requirements</strong></h4><p>The Company may disclose Your Personal Data in the good faith belief that such action is necessary to:</p><ul><li>Comply with a legal obligation</li><li>Protect and defend the rights or property of the Company</li><li>Prevent or investigate possible wrongdoing in connection with the Service</li><li>Protect the personal safety of Users of the Service or the public</li><li>Protect against legal liability</li></ul><h3><strong>Security of Your Personal Data</strong></h3><p>The security of Your Personal Data is important to Us, but remember that no method of transmission over the Internet, or method of electronic storage is 100% secure. While We strive to use commercially acceptable means to protect Your Personal Data, We cannot guarantee its absolute security.</p><h2><strong>Children\'s Privacy</strong></h2><p>Our Service does not address anyone under the age of 13. We do not knowingly collect personally identifiable information from anyone under the age of 13. If You are a parent or guardian and You are aware that Your child has provided Us with Personal Data, please contact Us. If We become aware that We have collected Personal Data from anyone under the age of 13 without verification of parental consent, We take steps to remove that information from Our servers.</p><p>If We need to rely on consent as a legal basis for processing Your information and Your country requires consent from a parent, We may require Your parent\'s consent before We collect and use that information.</p><h2><strong>Links to Other Websites</strong></h2><p>Our Service may contain links to other websites that are not operated by Us. If You click on a third party link, You will be directed to that third party\'s site. We strongly advise You to review the Privacy Policy of every site You visit.</p><p>We have no control over and assume no responsibility for the content, privacy policies or practices of any third party sites or services.</p><h2><strong>Changes to this Privacy Policy</strong></h2><p>We may update Our Privacy Policy from time to time. We will notify You of any changes by posting the new Privacy Policy on this page.</p><p>We will let You know via email and/or a prominent notice on Our Service, prior to the change becoming effective and update the \"Last updated\" date at the top of this Privacy Policy.</p><p>You are advised to review this Privacy Policy periodically for any changes. Changes to this Privacy Policy are effective when they are posted on this page.</p><h2><strong>Contact Us</strong></h2><p>If you have any questions about this Privacy Policy, You can contact us:</p><ul><li>By email: A2znutritionnj@gmail.com</li></ul>', '2023-12-27 05:56:34', '2024-01-25 12:41:23');

-- --------------------------------------------------------

--
-- Table structure for table `products`
--

CREATE TABLE `products` (
  `id` bigint(20) UNSIGNED NOT NULL,
  `menu_id` bigint(20) UNSIGNED DEFAULT NULL,
  `name` varchar(255) DEFAULT NULL,
  `image` varchar(255) DEFAULT NULL,
  `price` varchar(255) DEFAULT NULL,
  `description` longtext DEFAULT NULL,
  `status` varchar(255) NOT NULL DEFAULT '1',
  `created_at` timestamp NULL DEFAULT NULL,
  `updated_at` timestamp NULL DEFAULT NULL
) ENGINE=InnoDB DEFAULT CHARSET=utf8mb4 COLLATE=utf8mb4_unicode_ci;

--
-- Dumping data for table `products`
--

INSERT INTO `products` (`id`, `menu_id`, `name`, `image`, `price`, `description`, `status`, `created_at`, `updated_at`) VALUES
(74, 6, 'Green Mango', 'public/admin/assets/images/users/1711354054.webp', NULL, 'kale, wheatgrass, pineapple, coconut, mango, banana & mango protein', '1', '2024-03-25 12:07:34', '2024-04-03 12:45:22'),
(75, 6, 'Coffee Break', 'public/admin/assets/images/users/1711354293.jpg', NULL, 'your choice of milk with banana, espresso, green tea & mocha protein', '1', '2024-03-25 12:11:33', '2024-04-03 12:42:17'),
(76, 6, 'Acai Pitaya Bowl', 'public/admin/assets/images/users/1711354460.webp', '9.99', 'your choice of base, acai, pitaya (dragon fruit), pineapple, coconut & your choice of 3 toppings', '0', '2024-03-25 12:14:20', '2024-04-03 12:43:32'),
(78, 7, 'Avocado Veggie Burger', 'public/admin/assets/images/users/1711356964.jpg', NULL, 'Potato masala bean patty with homemade avocado spread, sliced avocado, pickled onions & cucumber on sourdough bread', '1', '2024-03-25 12:56:04', '2024-03-25 12:56:04'),
(80, 8, 'Power Oat Surprise', 'public/admin/assets/images/users/1711357674.jpg', NULL, 'your choice of milk with banana, vanilla protein, apples or mango, oats & cinnamon', '1', '2024-03-25 13:07:54', '2024-03-25 13:07:54'),
(81, 8, 'Banana Chai', 'public/admin/assets/images/users/1711358000.jpg', NULL, 'A blend of coconut milk, banana, whey protein, ginger, cinnamon & vanilla extract', '1', '2024-03-25 13:13:20', '2024-03-25 13:13:20'),
(82, 8, 'Almond Joy', 'public/admin/assets/images/users/1711358143.webp', NULL, 'a satisfying blend of almond milk, blueberries, almond butter, chocolate protein & coconut', '1', '2024-03-25 13:15:43', '2024-03-25 13:24:21'),
(83, 9, 'Mango Tango', 'public/admin/assets/images/users/1711358390.webp', NULL, 'A fan favorite blend of mango juice, yogurt, papaya & mango', '1', '2024-03-25 13:17:54', '2024-03-25 13:19:50'),
(84, 9, 'Pina Colada Breeze', 'public/admin/assets/images/users/1711358484.webp', NULL, 'a tropical blend of pineapple & coconut with your choice of one fruit', '1', '2024-03-25 13:21:24', '2024-03-25 13:21:24'),
(85, 9, 'Papaya Peach Delight', 'public/admin/assets/images/users/1711358637.webp', NULL, 'papaya, peaches & pineapple with a splash of mango nectar', '1', '2024-03-25 13:23:57', '2024-03-25 13:23:57'),
(86, 10, 'Digestion Juice', 'public/admin/assets/images/users/1711358798.webp', NULL, 'apple, cilantro, pineapple, ginger & celery', '1', '2024-03-25 13:26:38', '2024-03-25 13:26:38'),
(87, 10, 'High Iron Juice', 'public/admin/assets/images/users/1711359114.webp', NULL, 'Beets, orange, ginger, celery & carrot', '1', '2024-03-25 13:31:54', '2024-03-25 13:31:54'),
(88, 10, 'Immunity Juice', 'public/admin/assets/images/users/1711359232.webp', NULL, 'orange, cucumber, ginger, carrots & kale', '1', '2024-03-25 13:33:52', '2024-03-25 13:33:52'),
(89, 11, 'Maca Rocket', 'public/admin/assets/images/users/1711359589.jpg', NULL, 'grape juice, strawberries, bananas & maca powder', '1', '2024-03-25 13:39:49', '2024-03-25 13:39:49'),
(90, 11, 'Blueberry Thrill', 'public/admin/assets/images/users/1711359830.jpg', NULL, 'a thrilling blend of pineapple juice, bananas, blueberries ginseng & bee pollen', '1', '2024-03-25 13:43:50', '2024-03-25 13:43:50'),
(91, 11, 'Energize Me Green', 'public/admin/assets/images/users/1711360041.jpg', NULL, 'your choice of liquid base blended with kale, chia seeds, banana & strawberries', '1', '2024-03-25 13:47:21', '2024-03-25 13:47:21'),
(92, 12, 'Coffee Break EXTREME', 'public/admin/assets/images/users/1711360194.webp', NULL, 'almond milk, banana, espresso, mocha protein, MCT oil & green tea', '1', '2024-03-25 13:49:54', '2024-03-25 13:49:54'),
(93, 12, 'Mocha Peanut', 'public/admin/assets/images/users/1711360382.jpg', NULL, 'almond milk, banana, espresso, mocha protein, green tea & peanut butter', '1', '2024-03-25 13:53:02', '2024-03-25 13:53:02'),
(94, 12, 'Pink Flamingo', 'public/admin/assets/images/users/1711360544.webp', NULL, 'a bright blend of pineapple, coconut, pitaya (dragon fruit) & passion fruit', '1', '2024-03-25 13:55:44', '2024-03-25 13:55:44'),
(95, 13, 'Banana Split', 'public/admin/assets/images/users/1711360852.jpg', NULL, 'your choice of milk, avocado, walnuts, collagen, hemp seeds & banana protein', '1', '2024-03-25 14:00:52', '2024-03-25 14:00:52'),
(96, 13, 'Chocolate peanut butter smoothie', 'public/admin/assets/images/users/1711361057.jpg', NULL, 'this smoothie offers only 9 grams of net carbs and makes a delicious snack or post-meal dessert.', '1', '2024-03-25 14:04:17', '2024-03-25 14:04:17'),
(97, 13, 'Low Carb Green Smoothie', 'public/admin/assets/images/users/1711361255.jpg', NULL, 'Fuel your day with our Low Carb Green Smoothie, packed with nutrient-rich greens and delicious flavors for a guilt-free, energizing boost.', '1', '2024-03-25 14:07:35', '2024-03-25 14:07:35'),
(98, 14, 'Green Bowl', 'public/admin/assets/images/users/1711361378.jpg', NULL, 'acai, pitaya (dragon fruit), coconut, pineapple, kale, spinach & your choice of 3 toppings', '1', '2024-03-25 14:09:38', '2024-03-25 14:09:38'),
(99, 14, 'Pomegranate Bowl', 'public/admin/assets/images/users/1711361668.jpg', NULL, 'pomegranate, acai, pitaya (dragon fruit), pineapple, coconut, blueberries, strawberries, raspberries & your choice of 3 toppings', '1', '2024-03-25 14:14:28', '2024-03-25 14:14:28'),
(100, 14, 'Mango Coconut Bowl', 'public/admin/assets/images/users/1711361754.webp', NULL, 'your choice of base, mango. coconut, pineapple & your choice of 3 toppings', '1', '2024-03-25 14:15:54', '2024-03-25 14:15:54'),
(101, 15, 'Wellness Shot 4', 'public/admin/assets/images/users/1711361989.jpg', NULL, 'ginger & pineapple', '1', '2024-03-25 14:19:49', '2024-03-25 14:28:54'),
(102, 15, 'Wellness Shot 2', 'public/admin/assets/images/users/1711362116.jpg', NULL, 'ginger, vitamin c & lemon', '1', '2024-03-25 14:21:56', '2024-03-25 14:21:56'),
(103, 15, 'Wellness Shot 3', 'public/admin/assets/images/users/1711362269.jpg', NULL, 'Cayenne pepper, lemon & honey', '1', '2024-03-25 14:24:29', '2024-03-25 14:24:29'),
(104, 16, 'Morning Joy', 'public/admin/assets/images/users/1711363223.jpg', NULL, 'Apples, bananas, water, almond milk & whey protein', '1', '2024-03-25 14:40:23', '2024-03-25 14:40:23'),
(105, 16, 'My Sunshine', 'public/admin/assets/images/users/1711363547.jpg', NULL, 'Almond milk, water, mango, apple & vanilla whey', '1', '2024-03-25 14:45:47', '2024-03-25 14:45:47'),
(106, 16, 'Tropical Fusion', 'public/admin/assets/images/users/1711364679.jpg', NULL, 'a bright fusion of papaya, strawberries, water, almond milk & whey protein', '1', '2024-03-25 15:04:39', '2024-03-25 15:04:39'),
(107, 6, 'Mango Sunrise', 'public/admin/assets/images/users/1711365366.jpg', NULL, 'pineapple juice, mango & strawberries', '1', '2024-03-25 15:16:06', '2024-04-03 12:45:57'),
(113, 7, 'Avocado Goes Korean', 'public/admin/assets/images/users/1711520191.jpeg', '9.99', 'Homemade avocado spread, kimchi, avocado slices & a sesame honey glaze on sourdough bread', '1', '2024-03-27 10:16:31', '2024-03-27 10:16:31'),
(114, 7, 'Arthur Avenue Avocado', 'public/admin/assets/images/users/1711520452.png', '9.99', 'Avocado spread, fresh mozzarella, sun-dried tomato, sliced avocado, cashews, jalapeno & honey glaze on sourdough bread', '1', '2024-03-27 10:20:52', '2024-03-27 10:20:52'),
(115, 7, 'Avocado Toast', 'public/admin/assets/images/users/1711520614.png', '9.99', 'Homemade avocado spread, sliced avocado, sweet red peppers, feta cheese & balsamic glaze on sourdough bread', '1', '2024-03-27 10:23:34', '2024-03-27 10:23:34'),
(116, 8, 'Coffee Break', 'public/admin/assets/images/users/1711521361.jpeg', NULL, 'your choice of milk with banana, espresso, green tea & mocha protein', '1', '2024-03-27 10:36:01', '2024-03-27 10:36:01'),
(117, 9, 'Peanut Butter Surprise', 'public/admin/assets/images/users/1711521743.png', NULL, 'a satisfying blend of almond milk, bananas & peanut butter.', '1', '2024-03-27 10:42:23', '2024-03-27 10:42:23'),
(118, 10, 'Greens Juice', 'public/admin/assets/images/users/1711521998.png', NULL, 'apple, celery, kale, cucumber & spinach', '1', '2024-03-27 10:46:38', '2024-03-27 10:46:38'),
(119, 11, 'Immunator', 'public/admin/assets/images/users/1711522129.jpeg', NULL, 'immune boosting blend of pineapple juice, OJ, yogurt, banana, protein, glutamine, echinacea & vitamin C', '1', '2024-03-27 10:48:49', '2024-03-27 10:48:49'),
(120, 12, 'Green Mango', 'public/admin/assets/images/users/1711522294.png', NULL, 'kale, wheatgrass, pineapple, coconut, mango, banana & mango protein', '1', '2024-03-27 10:51:34', '2024-03-27 10:51:34'),
(121, 13, 'Almond Island Delight', 'public/admin/assets/images/users/1711608308.jpeg', NULL, 'almond milk, banana, mangoes & almond butter', '1', '2024-03-27 10:54:58', '2024-03-28 10:46:10'),
(122, 14, 'Avocado Mango Bowl', 'public/admin/assets/images/users/1711522724.png', '11.99', 'Almond milk, avocado, mango & coconut with your choice of 3 toppings', '1', '2024-03-27 10:58:44', '2024-03-27 10:58:44'),
(124, 15, 'Wellness Shot 1', 'public/admin/assets/images/users/1711523092.jpeg', '3.99', 'orange, vitamin c powder & oil of oregano', '1', '2024-03-27 11:04:52', '2024-03-27 11:04:52'),
(125, 16, 'Berry Light', 'public/admin/assets/images/users/1711523278.jpeg', NULL, 'a very berry light blend of strawberries, blueberries, raspberries, water, almond milk & whey protein', '1', '2024-03-27 11:07:58', '2024-03-27 11:07:58'),
(126, 17, 'MRP Shake', 'public/admin/assets/images/users/1711523380.jpeg', '8.99', 'a high quality meal replacement powder blended with your choice of milk & one fruit', '1', '2024-03-27 11:09:40', '2024-03-27 11:09:40'),
(127, 17, 'Berry Meal', 'public/admin/assets/images/users/1711523482.jpeg', '8.99', 'your all-in-one meal; orange juice, blueberries, strawberries, spinach & whey protein', '1', '2024-03-27 11:11:22', '2024-03-27 11:11:22'),
(128, 17, 'More Gain than Pain', 'public/admin/assets/images/users/1711523693.jpeg', '8.99', 'a high quality mass gainer protein powder mixed with your choice of milk & one fruit', '1', '2024-03-27 11:14:53', '2024-03-27 11:14:53'),
(129, 17, 'Shot Of NRG', 'public/admin/assets/images/users/1711523786.jpeg', '8.99', 'grape juice, strawberries, peanut butter & ginseng', '1', '2024-03-27 11:16:26', '2024-03-27 11:16:26'),
(130, 13, 'Creamy Strawberry & Banana Yogurt Bowl', 'public/admin/assets/images/users/1711602974.png', '10.99', 'yogurt blended with strawberries, bananas & honey with your choice of 3 toppings', '1', '2024-03-28 09:16:14', '2024-03-28 09:16:14'),
(131, 13, 'Acai Pitaya Bowl', 'public/admin/assets/images/users/1711603255.png', '9.99', 'your choice of base, acai, pitaya (dragon fruit), pineapple, coconut & your choice of 3 toppings', '1', '2024-03-28 09:20:55', '2024-03-28 09:20:55'),
(133, 6, 'Acai Pitaya Bowl', 'public/admin/assets/images/users/1712135669.webp', '9.99', 'your choice of base, acai, pitaya (dragon fruit), pineapple, coconut & your choice of 3 toppings', '1', '2024-04-03 13:14:29', '2024-04-03 14:22:51'),
(135, 27, '30', 'public/admin/assets/images/users/1716200939.png', NULL, 'to move or sway with short, quick, irregular vibratory movements.', '1', '2024-05-20 14:28:59', '2024-05-20 14:28:59'),
(136, 28, 'AB2', 'public/admin/assets/images/users/1716206276.png', NULL, 'LITE almond butter, almond milk, water, banana & whey protein', '1', '2024-05-20 15:57:56', '2024-05-20 15:57:56');

-- --------------------------------------------------------

--
-- Table structure for table `product_variants`
--

CREATE TABLE `product_variants` (
  `id` bigint(20) UNSIGNED NOT NULL,
  `product_id` bigint(20) UNSIGNED DEFAULT NULL,
  `price` varchar(255) DEFAULT NULL,
  `size` varchar(255) DEFAULT NULL,
  `created_at` timestamp NULL DEFAULT NULL,
  `updated_at` timestamp NULL DEFAULT NULL
) ENGINE=InnoDB DEFAULT CHARSET=utf8mb4 COLLATE=utf8mb4_unicode_ci;

--
-- Dumping data for table `product_variants`
--

INSERT INTO `product_variants` (`id`, `product_id`, `price`, `size`, `created_at`, `updated_at`) VALUES
(1, 72, '7.49', '16oz', '2024-03-25 10:45:56', '2024-03-25 10:45:56'),
(2, 73, '7.49', '16oz', '2024-03-25 10:51:51', '2024-03-25 10:51:51'),
(3, 73, '8.67', '24oz', '2024-03-25 10:51:51', '2024-03-25 10:51:51'),
(4, 73, '9.49', '32oz', '2024-03-25 10:51:51', '2024-03-25 10:51:51'),
(5, 74, '7.49', '16oz', '2024-03-25 12:07:34', '2024-03-25 12:07:34'),
(6, 74, '8.67', '24oz', '2024-03-25 12:07:34', '2024-03-25 12:07:34'),
(7, 74, '9.49', '32oz', '2024-03-25 12:07:34', '2024-03-25 12:07:34'),
(8, 75, '6.99', '16oz', '2024-03-25 12:11:33', '2024-03-25 12:11:33'),
(9, 75, '7.99', '24oz', '2024-03-25 12:11:33', '2024-03-25 12:11:33'),
(10, 75, '8.99', '32oz', '2024-03-25 12:11:33', '2024-03-25 12:11:33'),
(11, 77, '7.99', '16oz', '2024-03-25 12:53:34', '2024-03-25 12:53:34'),
(12, 77, '8.66', '24oz', '2024-03-25 12:53:34', '2024-03-25 12:53:34'),
(13, 77, '9.99', '32oz', '2024-03-25 12:53:34', '2024-03-25 12:53:34'),
(14, 78, '10.99', '16oz', '2024-03-25 12:56:04', '2024-03-25 12:56:04'),
(15, 78, '11.5', '24oz', '2024-03-25 12:56:04', '2024-03-25 12:56:04'),
(16, 78, '1267', '32oz', '2024-03-25 12:56:04', '2024-03-25 12:56:04'),
(17, 79, '9.99', '16oz', '2024-03-25 13:03:51', '2024-03-25 13:03:51'),
(18, 79, '11.5', '24oz', '2024-03-25 13:03:51', '2024-03-25 13:03:51'),
(19, 79, '12.5', '32oz', '2024-03-25 13:03:51', '2024-03-25 13:03:51'),
(20, 80, '6.99', '16oz', '2024-03-25 13:07:54', '2024-03-25 13:07:54'),
(21, 80, '7.99', '16oz', '2024-03-25 13:07:54', '2024-03-25 13:07:54'),
(22, 80, '8.99', '32oz', '2024-03-25 13:07:54', '2024-03-25 13:07:54'),
(23, 81, '6.99', '16oz', '2024-03-25 13:13:20', '2024-03-25 13:13:20'),
(24, 81, '7.99', '24oz', '2024-03-25 13:13:20', '2024-03-25 13:13:20'),
(25, 81, '8.99', '320z', '2024-03-25 13:13:20', '2024-03-25 13:13:20'),
(26, 82, '6.99', '16oz', '2024-03-25 13:15:43', '2024-03-25 13:15:43'),
(27, 82, '7.99', '24oz', '2024-03-25 13:15:43', '2024-03-25 13:15:43'),
(28, 82, '8.99', '32oz', '2024-03-25 13:15:43', '2024-03-25 13:15:43'),
(29, 83, '5.99', '16oz', '2024-03-25 13:17:54', '2024-03-25 13:17:54'),
(30, 83, '6.99', '24oz', '2024-03-25 13:17:54', '2024-03-25 13:17:54'),
(31, 83, '7.99', '32oz', '2024-03-25 13:17:54', '2024-03-25 13:17:54'),
(32, 84, '5.99', '16oz', '2024-03-25 13:21:24', '2024-03-25 13:21:24'),
(33, 84, '6.99', '24oz', '2024-03-25 13:21:24', '2024-03-25 13:21:24'),
(34, 84, '7.99', '32oz', '2024-03-25 13:21:24', '2024-03-25 13:21:24'),
(35, 85, '5.99', '16oz', '2024-03-25 13:23:57', '2024-03-25 13:23:57'),
(36, 85, '6.99', '24oz', '2024-03-25 13:23:57', '2024-03-25 13:23:57'),
(37, 85, '7.99', '32oz', '2024-03-25 13:23:57', '2024-03-25 13:23:57'),
(38, 86, '5.99', '16oz', '2024-03-25 13:26:38', '2024-03-25 13:26:38'),
(39, 86, '7.99', '24oz', '2024-03-25 13:26:38', '2024-03-25 13:26:38'),
(40, 86, '9.99', '32oz', '2024-03-25 13:26:38', '2024-03-25 13:26:38'),
(41, 87, '5.99', '16oz', '2024-03-25 13:31:54', '2024-03-25 13:31:54'),
(42, 87, '7.99', '24oz', '2024-03-25 13:31:54', '2024-03-25 13:31:54'),
(43, 87, '9.99', '32oz', '2024-03-25 13:31:54', '2024-03-25 13:31:54'),
(44, 88, '5.99', '16oz', '2024-03-25 13:33:52', '2024-03-25 13:33:52'),
(45, 88, '7.99', '24oz', '2024-03-25 13:33:52', '2024-03-25 13:33:52'),
(46, 88, '9.99', '32oz', '2024-03-25 13:33:52', '2024-03-25 13:33:52'),
(47, 89, '6.19', '16oz', '2024-03-25 13:39:49', '2024-03-25 13:39:49'),
(48, 89, '7.19', '24oz', '2024-03-25 13:39:49', '2024-03-25 13:39:49'),
(49, 89, '8.19', '32oz', '2024-03-25 13:39:49', '2024-03-25 13:39:49'),
(50, 90, '6.99', '16oz', '2024-03-25 13:43:50', '2024-03-25 13:43:50'),
(51, 90, '7.99', '24oz', '2024-03-25 13:43:50', '2024-03-25 13:43:50'),
(52, 90, '8.99', '32oz', '2024-03-25 13:43:50', '2024-03-25 13:43:50'),
(53, 91, '6.45', '16oz', '2024-03-25 13:47:21', '2024-03-25 13:47:21'),
(54, 91, '7.45', '24oz', '2024-03-25 13:47:21', '2024-03-25 13:47:21'),
(55, 91, '8.45', '32oz', '2024-03-25 13:47:21', '2024-03-25 13:47:21'),
(56, 92, '6.99', '16oz', '2024-03-25 13:49:54', '2024-03-25 13:49:54'),
(57, 92, '7.99', '24oz', '2024-03-25 13:49:54', '2024-03-25 13:49:54'),
(58, 92, '8.99', '32oz', '2024-03-25 13:49:54', '2024-03-25 13:49:54'),
(59, 93, '6.99', '16oz', '2024-03-25 13:53:02', '2024-03-25 13:53:02'),
(60, 93, '7.99', '24oz', '2024-03-25 13:53:02', '2024-03-25 13:53:02'),
(61, 93, '8.99', '32oz', '2024-03-25 13:53:02', '2024-03-25 13:53:02'),
(62, 94, '6.99', '16oz', '2024-03-25 13:55:44', '2024-03-25 13:55:44'),
(63, 94, '7.99', '24oz', '2024-03-25 13:55:44', '2024-03-25 13:55:44'),
(64, 94, '8.99', '32oz', '2024-03-25 13:55:44', '2024-03-25 13:55:44'),
(65, 95, '8.69', '24oz', '2024-03-25 14:00:52', '2024-03-25 14:00:52'),
(66, 95, '9.69', '32oz', '2024-03-25 14:00:52', '2024-03-25 14:00:52'),
(67, 96, '7.99', '16oz', '2024-03-25 14:04:17', '2024-03-25 14:04:17'),
(68, 96, '9.99', '24oz', '2024-03-25 14:04:17', '2024-03-25 14:04:17'),
(69, 97, '9.99', '16oz', '2024-03-25 14:07:35', '2024-03-25 14:07:35'),
(70, 97, '11.7', '24oz', '2024-03-25 14:07:35', '2024-03-25 14:07:35'),
(71, 98, '10.99', '16oz', '2024-03-25 14:09:38', '2024-03-25 14:09:38'),
(72, 98, '13.3', '24oz', '2024-03-25 14:09:38', '2024-03-25 14:09:38'),
(73, 99, '10.99', '16oz', '2024-03-25 14:14:28', '2024-03-25 14:14:28'),
(74, 99, '11.7', '24oz', '2024-03-25 14:14:28', '2024-03-25 14:14:28'),
(75, 100, '10.99', '16oz', '2024-03-25 14:15:54', '2024-03-25 14:15:54'),
(76, 100, '12.99', '24oz', '2024-03-25 14:15:54', '2024-03-25 14:15:54'),
(77, 101, '3.99', '16oz', '2024-03-25 14:19:49', '2024-03-25 14:19:49'),
(78, 102, '3.99', '16oz', '2024-03-25 14:21:56', '2024-03-25 14:21:56'),
(79, 103, '3.99', '16oz', '2024-03-25 14:24:29', '2024-03-25 14:24:29'),
(80, 104, '6.45', '16oz', '2024-03-25 14:40:23', '2024-03-25 14:40:23'),
(81, 104, '7.45', '24oz', '2024-03-25 14:40:23', '2024-03-25 14:40:23'),
(82, 104, '8.67', '32oz', '2024-03-25 14:40:23', '2024-03-25 14:40:23'),
(83, 105, '6.45', '16oz', '2024-03-25 14:45:47', '2024-03-25 14:45:47'),
(84, 105, '7.45', '24oz', '2024-03-25 14:45:47', '2024-03-25 14:45:47'),
(85, 105, '8.45', '32oz', '2024-03-25 14:45:47', '2024-03-25 14:45:47'),
(86, 106, '6.45', '16oz', '2024-03-25 15:04:39', '2024-03-25 15:04:39'),
(87, 106, '7.45', '24oz', '2024-03-25 15:04:39', '2024-03-25 15:04:39'),
(88, 106, '8.67', '32oz', '2024-03-25 15:04:39', '2024-03-25 15:04:39'),
(89, 107, '5.99', '16oz', '2024-03-25 15:16:06', '2024-03-25 15:16:06'),
(90, 107, '6.99', '24oz', '2024-03-25 15:16:06', '2024-03-25 15:16:06'),
(91, 107, '7.99', '32oz', '2024-03-25 15:16:06', '2024-03-25 15:16:06'),
(92, 108, '9.99', '16oz', '2024-03-25 15:24:36', '2024-03-25 15:24:36'),
(93, 103, '4.99', '17oz', '2024-03-26 09:08:39', '2024-03-26 09:08:39'),
(94, 110, '15.99', '17oz', '2024-03-26 09:16:40', '2024-03-26 09:16:40'),
(95, 111, '10.99', '17oz', '2024-03-26 13:38:16', '2024-03-26 13:38:16'),
(96, 116, '6.99', '16oz', '2024-03-27 10:36:01', '2024-03-27 10:36:01'),
(97, 116, '7.99', '24oz', '2024-03-27 10:36:01', '2024-03-27 10:36:01'),
(98, 116, '8.99', '32oz', '2024-03-27 10:36:01', '2024-03-27 10:36:01'),
(99, 117, '5.99', '16oz', '2024-03-27 10:42:23', '2024-03-27 10:42:23'),
(100, 117, '6.99', '24oz', '2024-03-27 10:42:23', '2024-03-27 10:42:23'),
(101, 117, '7.99', '32oz', '2024-03-27 10:42:23', '2024-03-27 10:42:23'),
(102, 118, '5.99', '16oz', '2024-03-27 10:46:38', '2024-03-27 10:46:38'),
(103, 118, '7.99', '24oz', '2024-03-27 10:46:38', '2024-03-27 10:46:38'),
(104, 118, '9.99', '32oz', '2024-03-27 10:46:38', '2024-03-27 10:46:38'),
(105, 119, '6.45', '16oz', '2024-03-27 10:48:49', '2024-03-27 10:48:49'),
(106, 119, '7.45', '24oz', '2024-03-27 10:48:49', '2024-03-27 10:48:49'),
(107, 119, '8.65', '32oz', '2024-03-27 10:48:49', '2024-03-27 10:48:49'),
(108, 120, '7.49', '16oz', '2024-03-27 10:51:34', '2024-03-27 10:51:34'),
(109, 120, '8.67', '24oz', '2024-03-27 10:51:34', '2024-03-27 10:51:34'),
(110, 120, '9.49', '32oz', '2024-03-27 10:51:34', '2024-03-27 10:51:34'),
(111, 121, '6.99', '16oz', '2024-03-27 10:54:58', '2024-03-28 10:45:08'),
(112, 121, '7.99', '24oz', '2024-03-27 10:54:58', '2024-03-28 10:45:08'),
(113, 121, '8.99', '32oz', '2024-03-27 10:54:58', '2024-03-28 10:45:08'),
(114, 125, '6.45', '16oz', '2024-03-27 11:07:58', '2024-03-27 11:07:58'),
(115, 125, '7.45', '24oz', '2024-03-27 11:07:58', '2024-03-27 11:07:58'),
(116, 125, '8.67', '32oz', '2024-03-27 11:07:58', '2024-03-27 11:07:58'),
(117, 135, '$6.99', 'Regular', '2024-05-20 14:28:59', '2024-05-20 14:28:59'),
(118, 135, '$6.75', '31', '2024-05-20 14:28:59', '2024-05-20 14:28:59'),
(119, 135, '$7.75', '31L', '2024-05-20 14:28:59', '2024-05-20 14:28:59'),
(120, 136, '6.45', '160z', '2024-05-20 15:57:56', '2024-05-20 15:57:56'),
(121, 136, '7.45', '240z', '2024-05-20 15:57:56', '2024-05-20 15:57:56'),
(122, 136, '8.67', '360z', '2024-05-20 15:57:56', '2024-05-20 15:57:56');

-- --------------------------------------------------------

--
-- Table structure for table `rewards`
--

CREATE TABLE `rewards` (
  `id` bigint(20) UNSIGNED NOT NULL,
  `user_id` bigint(20) UNSIGNED DEFAULT NULL,
  `rewards` varchar(255) DEFAULT NULL,
  `redeemed` varchar(255) DEFAULT NULL,
  `created_at` timestamp NULL DEFAULT NULL,
  `updated_at` timestamp NULL DEFAULT NULL
) ENGINE=InnoDB DEFAULT CHARSET=utf8mb4 COLLATE=utf8mb4_unicode_ci;

--
-- Dumping data for table `rewards`
--

INSERT INTO `rewards` (`id`, `user_id`, `rewards`, `redeemed`, `created_at`, `updated_at`) VALUES
(18, 5, '15', '2', '2024-04-08 14:47:50', '2024-04-15 10:02:25');

-- --------------------------------------------------------

--
-- Table structure for table `schedules`
--

CREATE TABLE `schedules` (
  `id` bigint(20) UNSIGNED NOT NULL,
  `branch_id` bigint(20) UNSIGNED DEFAULT NULL,
  `name` varchar(255) NOT NULL,
  `start_time` varchar(255) NOT NULL,
  `end_time` varchar(255) NOT NULL,
  `created_at` timestamp NULL DEFAULT NULL,
  `updated_at` timestamp NULL DEFAULT NULL
) ENGINE=InnoDB DEFAULT CHARSET=utf8mb4 COLLATE=utf8mb4_unicode_ci;

-- --------------------------------------------------------

--
-- Table structure for table `seamosses`
--

CREATE TABLE `seamosses` (
  `id` bigint(20) UNSIGNED NOT NULL,
  `video_link` varchar(255) NOT NULL,
  `created_at` timestamp NULL DEFAULT NULL,
  `updated_at` timestamp NULL DEFAULT NULL,
  `link_type` varchar(255) NOT NULL
) ENGINE=InnoDB DEFAULT CHARSET=utf8mb4 COLLATE=utf8mb4_unicode_ci;

--
-- Dumping data for table `seamosses`
--

INSERT INTO `seamosses` (`id`, `video_link`, `created_at`, `updated_at`, `link_type`) VALUES
(1, 'https://res.cloudinary.com/square-online-production-user-134569988/video/upload/Seamoss.mp4?_s=vp-1.10.2', '2023-12-27 07:15:11', '2023-12-27 07:38:31', 'url');

-- --------------------------------------------------------

--
-- Table structure for table `term_conditions`
--

CREATE TABLE `term_conditions` (
  `id` bigint(20) UNSIGNED NOT NULL,
  `description` text DEFAULT NULL,
  `created_at` timestamp NULL DEFAULT NULL,
  `updated_at` timestamp NULL DEFAULT NULL
) ENGINE=InnoDB DEFAULT CHARSET=utf8mb4 COLLATE=utf8mb4_unicode_ci;

--
-- Dumping data for table `term_conditions`
--

INSERT INTO `term_conditions` (`id`, `description`, `created_at`, `updated_at`) VALUES
(3, '<h2><strong>Terms and Conditions</strong></h2><p>Last updated: January 25, 2024</p><p>Please read these terms and conditions carefully before using Our Service.</p><h2><strong>Interpretation and Definitions</strong></h2><h3><strong>Interpretation</strong></h3><p>The words of which the initial letter is capitalized have meanings defined under the following conditions. The following definitions shall have the same meaning regardless of whether they appear in singular or in plural.</p><h3><strong>Definitions</strong></h3><p>For the purposes of these Terms and Conditions:</p><p><strong>Application</strong> means the software program provided by the Company downloaded by You on any electronic device, named aznutritionandsmoothie</p><p><strong>Application Store</strong> means the digital distribution service operated and developed by Apple Inc. (Apple App Store) or Google Inc. (Google Play Store) in which the Application has been downloaded.</p><p><strong>Affiliate</strong> means an entity that controls, is controlled by or is under common control with a party, where \"control\" means ownership of 50% or more of the shares, equity interest or other securities entitled to vote for election of directors or other managing authority.</p><p><strong>Country</strong> refers to: New Jersey, United States</p><p><strong>Company</strong> (referred to as either \"the Company\", \"We\", \"Us\" or \"Our\" in this Agreement) refers to aznutritionandsmoothie.</p><p><strong>Device</strong> means any device that can access the Service such as a computer, a cellphone or a digital tablet.</p><p><strong>Service</strong> refers to the Application.</p><p><strong>Terms and Conditions</strong> (also referred as \"Terms\") mean these Terms and Conditions that form the entire agreement between You and the Company regarding the use of the Service. This Terms and Conditions agreement has been created with the help of the <a href=\"https://www.termsfeed.com/terms-conditions-generator/\">Terms and Conditions Generator</a>.</p><p><strong>Third-party Social Media Service</strong> means any services or content (including data, information, products or services) provided by a third-party that may be displayed, included or made available by the Service.</p><p><strong>You</strong> means the individual accessing or using the Service, or the company, or other legal entity on behalf of which such individual is accessing or using the Service, as applicable.</p><h2><strong>Acknowledgment</strong></h2><p>These are the Terms and Conditions governing the use of this Service and the agreement that operates between You and the Company. These Terms and Conditions set out the rights and obligations of all users regarding the use of the Service.</p><p>Your access to and use of the Service is conditioned on Your acceptance of and compliance with these Terms and Conditions. These Terms and Conditions apply to all visitors, users and others who access or use the Service.</p><p>By accessing or using the Service You agree to be bound by these Terms and Conditions. If You disagree with any part of these Terms and Conditions then You may not access the Service.</p><p>You represent that you are over the age of 18. The Company does not permit those under 18 to use the Service.</p><p>Your access to and use of the Service is also conditioned on Your acceptance of and compliance with the Privacy Policy of the Company. Our Privacy Policy describes Our policies and procedures on the collection, use and disclosure of Your personal information when You use the Application or the Website and tells You about Your privacy rights and how the law protects You. Please read Our Privacy Policy carefully before using Our Service.</p><h2><strong>Links to Other Websites</strong></h2><p>Our Service may contain links to third-party web sites or services that are not owned or controlled by the Company.</p><p>The Company has no control over, and assumes no responsibility for, the content, privacy policies, or practices of any third party web sites or services. You further acknowledge and agree that the Company shall not be responsible or liable, directly or indirectly, for any damage or loss caused or alleged to be caused by or in connection with the use of or reliance on any such content, goods or services available on or through any such web sites or services.</p><p>We strongly advise You to read the terms and conditions and privacy policies of any third-party web sites or services that You visit.</p><h2><strong>Termination</strong></h2><p>We may terminate or suspend Your access immediately, without prior notice or liability, for any reason whatsoever, including without limitation if You breach these Terms and Conditions.</p><p>Upon termination, Your right to use the Service will cease immediately.</p><h2><strong>Limitation of Liability</strong></h2><p>Notwithstanding any damages that You might incur, the entire liability of the Company and any of its suppliers under any provision of this Terms and Your exclusive remedy for all of the foregoing shall be limited to the amount actually paid by You through the Service or 100 USD if You haven\'t purchased anything through the Service.</p><p>To the maximum extent permitted by applicable law, in no event shall the Company or its suppliers be liable for any special, incidental, indirect, or consequential damages whatsoever (including, but not limited to, damages for loss of profits, loss of data or other information, for business interruption, for personal injury, loss of privacy arising out of or in any way related to the use of or inability to use the Service, third-party software and/or third-party hardware used with the Service, or otherwise in connection with any provision of this Terms), even if the Company or any supplier has been advised of the possibility of such damages and even if the remedy fails of its essential purpose.</p><p>Some states do not allow the exclusion of implied warranties or limitation of liability for incidental or consequential damages, which means that some of the above limitations may not apply. In these states, each party\'s liability will be limited to the greatest extent permitted by law.</p><h2><strong>\"AS IS\" and \"AS AVAILABLE\" Disclaimer</strong></h2><p>The Service is provided to You \"AS IS\" and \"AS AVAILABLE\" and with all faults and defects without warranty of any kind. To the maximum extent permitted under applicable law, the Company, on its own behalf and on behalf of its Affiliates and its and their respective licensors and service providers, expressly disclaims all warranties, whether express, implied, statutory or otherwise, with respect to the Service, including all implied warranties of merchantability, fitness for a particular purpose, title and non-infringement, and warranties that may arise out of course of dealing, course of performance, usage or trade practice. Without limitation to the foregoing, the Company provides no warranty or undertaking, and makes no representation of any kind that the Service will meet Your requirements, achieve any intended results, be compatible or work with any other software, applications, systems or services, operate without interruption, meet any performance or reliability standards or be error free or that any errors or defects can or will be corrected.</p><p>Without limiting the foregoing, neither the Company nor any of the company\'s provider makes any representation or warranty of any kind, express or implied: (i) as to the operation or availability of the Service, or the information, content, and materials or products included thereon; (ii) that the Service will be uninterrupted or error-free; (iii) as to the accuracy, reliability, or currency of any information or content provided through the Service; or (iv) that the Service, its servers, the content, or e-mails sent from or on behalf of the Company are free of viruses, scripts, trojan horses, worms, malware, timebombs or other harmful components.</p><p>Some jurisdictions do not allow the exclusion of certain types of warranties or limitations on applicable statutory rights of a consumer, so some or all of the above exclusions and limitations may not apply to You. But in such a case the exclusions and limitations set forth in this section shall be applied to the greatest extent enforceable under applicable law.</p><h2><strong>Governing Law</strong></h2><p>The laws of the Country, excluding its conflicts of law rules, shall govern this Terms and Your use of the Service. Your use of the Application may also be subject to other local, state, national, or international laws.</p><h2><strong>Disputes Resolution</strong></h2><p>If You have any concern or dispute about the Service, You agree to first try to resolve the dispute informally by contacting the Company.</p><h2><strong>For European Union (EU) Users</strong></h2><p>If You are a European Union consumer, you will benefit from any mandatory provisions of the law of the country in which You are resident.</p><h2><strong>United States Legal Compliance</strong></h2><p>You represent and warrant that (i) You are not located in a country that is subject to the United States government embargo, or that has been designated by the United States government as a \"terrorist supporting\" country, and (ii) You are not listed on any United States government list of prohibited or restricted parties.</p><h2><strong>Severability and Waiver</strong></h2><h3><strong>Severability</strong></h3><p>If any provision of these Terms is held to be unenforceable or invalid, such provision will be changed and interpreted to accomplish the objectives of such provision to the greatest extent possible under applicable law and the remaining provisions will continue in full force and effect.</p><h3><strong>Waiver</strong></h3><p>Except as provided herein, the failure to exercise a right or to require performance of an obligation under these Terms shall not affect a party\'s ability to exercise such right or require such performance at any time thereafter nor shall the waiver of a breach constitute a waiver of any subsequent breach.</p><h2><strong>Translation Interpretation</strong></h2><p>These Terms and Conditions may have been translated if We have made them available to You on our Service. You agree that the original English text shall prevail in the case of a dispute.</p><h2><strong>Changes to These Terms and Conditions</strong></h2><p>We reserve the right, at Our sole discretion, to modify or replace these Terms at any time. If a revision is material We will make reasonable efforts to provide at least 30 days\' notice prior to any new terms taking effect. What constitutes a material change will be determined at Our sole discretion.</p><p>By continuing to access or use Our Service after those revisions become effective, You agree to be bound by the revised terms. If You do not agree to the new terms, in whole or in part, please stop using the website and the Service.</p><h2><strong>Contact Us</strong></h2><p>If you have any questions about these Terms and Conditions, You can contact us:</p><ul><li>By email: A2znutritionnj@gmail.com</li></ul>', '2023-12-27 05:07:22', '2024-01-25 12:43:14'),
(4, '<p style=\"font-family: Heebo, sans-serif; color: rgb(102, 101, 101); font-size: 16px;\">some instances, use of the Clients on Demand Website and Services may require that you disclose certain personal information for identification, including a unique email address and demographic information (including, for example, ZIP code, age, sex, job industry, job title, and income) to register.</p><p style=\"font-family: Heebo, sans-serif; color: rgb(102, 101, 101); font-size: 16px;\"><span style=\"font-weight: bolder;\">Billing and Credit Card Information</span></p><p style=\"font-family: Heebo, sans-serif; color: rgb(102, 101, 101); font-size: 16px;\">Our Services comprise, generally business coaching Webinars, Seminars and materials distributed on a subscription basis. To enable payment, we collect and store name, address, telephone number, email address, credit card information, and other billing information. This information will only be shared with third parties who facilitate completion of the purchase transaction, such as by fulfilling orders and processing credit card payments.</p><p style=\"font-family: Heebo, sans-serif; color: rgb(102, 101, 101); font-size: 16px;\">We will not disclose your billing and/or credit card information unless required by law or a court order, or unless disclosure is required to address an issue implicated by the financial transaction. For instance, if you claim that your billing and/or credit card information was used to make a purchase you did not authorize, details about the transaction may be disclosed to law enforcement and any party we deem necessary to address the matter.</p>', '2023-12-27 05:52:45', '2023-12-27 05:52:45');

-- --------------------------------------------------------

--
-- Table structure for table `time_slots`
--

CREATE TABLE `time_slots` (
  `id` bigint(20) UNSIGNED NOT NULL,
  `start_pickup_time` varchar(255) DEFAULT NULL,
  `end_pickup_time` varchar(255) DEFAULT NULL,
  `created_at` timestamp NULL DEFAULT NULL,
  `updated_at` timestamp NULL DEFAULT NULL
) ENGINE=InnoDB DEFAULT CHARSET=utf8mb4 COLLATE=utf8mb4_unicode_ci;

--
-- Dumping data for table `time_slots`
--

INSERT INTO `time_slots` (`id`, `start_pickup_time`, `end_pickup_time`, `created_at`, `updated_at`) VALUES
(7, '6:00 AM', '10:00 PM', '2023-12-21 03:16:31', '2024-04-03 15:36:55');

-- --------------------------------------------------------

--
-- Table structure for table `toppings`
--

CREATE TABLE `toppings` (
  `id` bigint(20) UNSIGNED NOT NULL,
  `name` varchar(255) DEFAULT NULL,
  `price` double DEFAULT NULL,
  `created_at` timestamp NULL DEFAULT NULL,
  `updated_at` timestamp NULL DEFAULT NULL
) ENGINE=InnoDB DEFAULT CHARSET=utf8mb4 COLLATE=utf8mb4_unicode_ci;

--
-- Dumping data for table `toppings`
--

INSERT INTO `toppings` (`id`, `name`, `price`, `created_at`, `updated_at`) VALUES
(2, 'Chilli Source', 20, '2023-12-11 03:42:54', '2023-12-11 03:42:54'),
(3, 'garlic source', 25, '2023-12-11 07:15:53', '2023-12-12 06:06:44'),
(4, 'kachup', 40, '2023-12-11 07:16:11', '2023-12-12 06:06:33'),
(5, 'minees', 50, '2023-12-12 06:07:05', '2023-12-12 06:07:05'),
(7, 'Feta Cheese', 1, '2024-03-01 12:43:59', '2024-03-01 12:43:59'),
(8, 'Sun-dried Tomatoes', 1, '2024-03-01 12:44:45', '2024-03-01 12:44:45'),
(9, 'Sliced Avocado', 1, '2024-03-01 12:45:55', '2024-03-01 12:45:55'),
(10, 'Boiled Egg', 1, '2024-03-01 12:46:12', '2024-03-01 12:46:12'),
(11, 'Fresh Mozzarella', 1, '2024-03-01 12:46:28', '2024-03-01 12:46:28'),
(12, 'Tuna', 1, '2024-03-01 12:46:41', '2024-03-01 12:46:41'),
(13, 'Pickled Onions', 1, '2024-03-01 12:46:59', '2024-03-01 12:46:59'),
(14, 'Sweet Peppers', 1, '2024-03-01 12:47:17', '2024-03-01 12:47:17'),
(15, 'Kimchi', 1, '2024-03-01 12:47:28', '2024-03-01 12:47:28'),
(16, 'Balsamic Glaze', 1, '2024-03-01 12:47:40', '2024-03-01 12:47:40'),
(17, 'Spicy Hummus Glaze', 1, '2024-03-01 12:48:15', '2024-03-01 12:48:15'),
(18, 'Spicy Mango Chutney Glaze', 1, '2024-03-01 12:48:24', '2024-03-01 12:48:24'),
(19, 'Cashew-Jalapeno Honey Glaze', 1, '2024-03-01 12:48:36', '2024-03-01 12:48:36'),
(20, 'Peanut butter', 0.75, '2024-03-01 13:11:53', '2024-03-01 13:11:53'),
(21, 'Almond butter', 0.75, '2024-03-01 13:12:08', '2024-03-01 13:12:08'),
(22, 'Oats', 0.75, '2024-03-01 13:12:28', '2024-03-01 13:12:28'),
(23, 'Caramel', 0.75, '2024-03-01 13:12:50', '2024-03-01 13:12:50'),
(24, 'Espresso', 0.75, '2024-03-01 13:13:16', '2024-03-01 13:13:16'),
(25, 'Vanilla Whey Protein', 1, '2024-03-01 13:14:05', '2024-03-01 13:14:05'),
(26, 'Chocolate Whey Protein', 1, '2024-03-01 13:14:18', '2024-03-01 13:14:18'),
(27, 'Strawberry Whey Protein', 1, '2024-03-01 13:14:31', '2024-03-01 13:14:31'),
(28, 'Mango Protein (Mango)', 1, '2024-03-01 13:14:43', '2024-03-01 13:14:43'),
(29, 'Vegan Protein Vanilla', 1, '2024-03-01 13:14:55', '2024-03-01 13:14:55'),
(30, 'Vegan Protein Chocolate', 1, '2024-03-01 13:15:12', '2024-03-01 13:15:12'),
(31, 'Weight Gainer Vanilla (Mass)', 2, '2024-03-01 13:15:22', '2024-03-01 13:16:01'),
(32, 'Weight Gainer Chocolate (Mass)', 2, '2024-03-01 13:16:10', '2024-03-01 13:16:10'),
(33, 'Extra scoops of Protein', 1, '2024-03-01 13:16:34', '2024-03-01 13:16:55'),
(34, 'Ashwagandha Powder', 1, '2024-03-01 13:17:19', '2024-03-01 13:17:19'),
(35, 'Apple Cider Vinegar', 1, '2024-03-01 13:17:48', '2024-03-01 13:17:48'),
(36, 'Aloe Vera Juice', 1.5, '2024-03-01 13:18:21', '2024-03-01 13:18:44'),
(37, 'BCAA Powder', 1.25, '2024-03-01 13:19:04', '2024-03-01 13:19:04'),
(38, 'Bee Pollen Powder', 1.25, '2024-03-01 13:19:34', '2024-03-01 13:19:34'),
(39, 'Blue Spirulina Powder', 1, '2024-03-01 13:19:43', '2024-03-01 16:55:54'),
(40, 'Black Cherry Juice', 1.25, '2024-03-01 13:19:59', '2024-03-01 13:19:59'),
(41, 'Chia Seeds', 1, '2024-03-01 13:20:09', '2024-03-01 13:20:09'),
(42, 'Creatine Powder', 1, '2024-03-01 13:20:23', '2024-03-01 13:20:23'),
(43, 'Collagen Powder', 1.25, '2024-03-01 13:20:36', '2024-03-01 13:20:36'),
(44, 'Chlorophyll', 1.5, '2024-03-01 13:20:50', '2024-03-01 13:22:08'),
(45, 'Cayenne Pepper Powder', 1, '2024-03-01 13:21:01', '2024-03-01 13:21:01'),
(46, 'Charcoal Powder', 1, '2024-03-01 13:21:15', '2024-03-01 13:21:15'),
(47, 'CLA (Fat Loss)', 1.5, '2024-03-01 13:22:38', '2024-03-01 13:22:38'),
(48, 'CBD Oil', 1.5, '2024-03-01 13:22:53', '2024-03-01 13:22:53'),
(49, 'Echinacea (Immune)', 1, '2024-03-01 13:23:06', '2024-03-01 13:23:06'),
(50, 'Fiber Powder', 1, '2024-03-01 13:23:27', '2024-03-01 13:23:27'),
(51, 'Floradix iron', 1, '2024-03-01 13:23:39', '2024-03-01 13:23:39'),
(52, 'Glutamine Powder', 1, '2024-03-01 13:23:52', '2024-03-01 13:23:52'),
(53, 'Ginseng (Natural Energy)', 1, '2024-03-01 13:24:02', '2024-03-01 13:24:02'),
(54, 'Green Tea (Natural Energy)', 1, '2024-03-01 13:24:13', '2024-03-01 13:24:13'),
(55, 'Green Vibrance (77 Fruit & Veggie Powder)', 2, '2024-03-01 13:24:27', '2024-03-01 13:24:27'),
(56, 'Hemp Seed', 1, '2024-03-01 13:24:42', '2024-03-01 13:24:42'),
(57, 'Lion\'s Mane Powder', 1, '2024-03-01 13:24:52', '2024-03-01 13:24:52'),
(58, 'L-Carnitine', 1.25, '2024-03-01 13:25:09', '2024-03-01 13:25:09'),
(59, 'Multivitamin - Men', 1, '2024-03-01 13:25:25', '2024-03-01 13:25:25'),
(60, 'Multivitamins - Women', 1, '2024-03-01 13:25:40', '2024-03-01 13:25:40'),
(61, 'Matcha Powder', 1, '2024-03-01 13:26:00', '2024-03-01 13:26:00'),
(62, 'Maca Powder', 1, '2024-03-01 13:26:16', '2024-03-01 13:26:16'),
(63, 'Mushroom Powder', 1, '2024-03-01 13:26:28', '2024-03-01 13:26:28'),
(64, 'MCT Oil', 1, '2024-03-01 13:26:42', '2024-03-01 13:26:42'),
(65, 'Oil of Oregano', 1.5, '2024-03-01 13:26:53', '2024-03-01 13:26:53'),
(66, 'Probiotic (Immune/Digestion)', 1, '2024-03-01 13:27:02', '2024-03-01 13:27:02'),
(67, 'Reishi Powder', 1, '2024-03-01 13:27:38', '2024-03-01 13:27:38'),
(68, 'Rhodiola Powder', 1, '2024-03-01 13:27:54', '2024-03-01 13:27:54'),
(69, 'Shilajit Powder', 1, '2024-03-01 13:28:02', '2024-03-01 13:28:02'),
(70, 'Sea Moss Gel', 1, '2024-03-01 13:28:12', '2024-03-01 13:28:12'),
(71, 'Turmeric Powder', 1, '2024-03-01 13:28:24', '2024-03-01 13:28:24'),
(72, 'Thermogenic (Fat Burner/Energy)', 1.25, '2024-03-01 13:28:34', '2024-03-01 13:28:34'),
(73, 'Vitamin C', 1, '2024-03-01 13:28:42', '2024-03-01 13:28:42'),
(74, 'Vitamin B12', 1, '2024-03-01 13:29:09', '2024-03-01 13:29:09'),
(75, 'Banana', 1, '2024-03-01 14:58:57', '2024-03-01 14:58:57'),
(76, 'Strawberry', 1, '2024-03-01 14:59:10', '2024-03-01 14:59:10'),
(77, 'Blueberry', 1, '2024-03-01 14:59:20', '2024-03-01 14:59:20'),
(78, 'Raspberry', 1, '2024-03-01 14:59:33', '2024-03-01 14:59:33'),
(80, 'Mango', 1, '2024-03-01 15:00:15', '2024-03-01 15:00:15'),
(81, 'Apple', 1, '2024-03-01 15:00:50', '2024-03-01 15:00:50'),
(82, 'Peach', 1, '2024-03-01 15:01:04', '2024-03-01 15:01:04'),
(83, 'Papaya', 1, '2024-03-01 15:01:14', '2024-03-01 15:01:14'),
(84, 'Pineapple', 1, '2024-03-01 15:01:28', '2024-03-01 15:01:28'),
(85, 'Avocado', 1.5, '2024-03-01 15:01:43', '2024-03-01 15:01:43'),
(86, 'Passion Fruit', 1, '2024-03-01 15:02:07', '2024-03-01 15:02:07'),
(87, 'Dragon Fruit', 1.5, '2024-03-01 15:02:26', '2024-03-01 15:02:26'),
(88, 'Kale', 1, '2024-03-01 15:02:48', '2024-03-01 15:02:48'),
(89, 'Spinach', 1, '2024-03-01 15:03:04', '2024-03-01 15:03:04'),
(90, 'Ginger', 1, '2024-03-01 15:03:16', '2024-03-01 15:03:16'),
(91, 'Beets', 1, '2024-03-01 15:03:30', '2024-03-01 15:03:30'),
(92, 'Carrots', 1, '2024-03-01 15:03:41', '2024-03-01 15:03:41'),
(93, 'Celery', 1, '2024-03-01 15:03:51', '2024-03-01 15:03:51'),
(94, 'Orange', 1, '2024-03-01 17:05:31', '2024-03-01 17:05:31'),
(95, 'Lemon', 1, '2024-03-01 17:06:45', '2024-03-01 17:06:45'),
(96, 'Fiber', 1, '2024-03-01 17:34:25', '2024-03-01 17:34:25'),
(97, 'Probiotic', 1, '2024-03-01 17:58:26', '2024-03-01 17:58:26'),
(98, 'Turmeric', 1, '2024-03-01 17:59:39', '2024-03-01 17:59:39'),
(99, 'Charcoal', 1, '2024-03-01 18:01:52', '2024-03-01 18:01:52'),
(100, 'Aloe Vera', 1, '2024-03-01 18:03:37', '2024-03-01 18:03:37'),
(101, 'Blackberry', 1, '2024-03-01 18:29:24', '2024-03-01 18:29:24'),
(102, 'Granola', 1.5, '2024-03-01 19:24:49', '2024-03-01 19:24:49'),
(103, 'Pistachio', 1, '2024-03-01 19:25:13', '2024-03-01 19:25:13'),
(104, 'Plain Yogurt', 1, '2024-03-01 19:25:59', '2024-03-01 19:25:59'),
(105, 'Protein Powder', 1, '2024-03-01 19:26:21', '2024-03-01 19:26:21'),
(106, 'Maple syrup', 1, '2024-03-01 19:29:21', '2024-03-01 19:29:21'),
(107, 'Mixed nuts', 1, '2024-03-01 19:32:35', '2024-03-01 19:32:35'),
(108, 'Almond', 1, '2024-03-01 19:33:03', '2024-03-01 19:33:03'),
(109, 'Walnuts', 1, '2024-03-01 19:33:19', '2024-03-01 19:33:19'),
(110, 'Coconut flakes', 1, '2024-03-01 19:39:35', '2024-03-01 19:39:35'),
(111, 'Toasted coconut flakes', 1, '2024-03-01 19:40:54', '2024-03-01 19:40:54'),
(112, 'Graham cracker crumbs', 1, '2024-03-01 19:41:19', '2024-03-01 19:41:19'),
(113, 'Fresh Strawberry', 1, '2024-03-01 19:42:33', '2024-03-01 19:42:33'),
(114, 'Fresh Blueberry', 1, '2024-03-01 19:43:02', '2024-03-01 19:43:02'),
(115, 'Fresh Mango', 1, '2024-03-01 19:47:25', '2024-03-01 19:47:25'),
(116, 'Fresh Pineapple', 1, '2024-03-01 19:47:56', '2024-03-01 19:47:56'),
(117, 'Fresh Raspberry', 1, '2024-03-01 19:48:29', '2024-03-01 19:48:29'),
(118, 'Fresh Blackberry', 1, '2024-03-01 19:48:38', '2024-03-01 19:48:38'),
(119, 'Fresh Kiwi', 1, '2024-03-01 19:49:02', '2024-03-01 19:49:02'),
(120, 'Raisins', 1, '2024-03-01 19:49:11', '2024-03-01 19:49:11'),
(121, 'Nutella', 1, '2024-03-01 19:49:41', '2024-03-01 19:49:41'),
(122, 'Caramel', 1, '2024-03-01 19:49:50', '2024-03-01 19:49:50'),
(123, 'Chocolate Chips', 1, '2024-03-01 19:50:00', '2024-03-01 19:50:00'),
(124, 'White Chocolate Chips', 1, '2024-03-01 19:50:10', '2024-03-01 19:50:10'),
(125, 'Peanut Butter Chips', 1, '2024-03-01 19:50:58', '2024-03-01 19:50:58'),
(126, 'Yogurt Chips', 1, '2024-03-01 19:51:11', '2024-03-01 19:51:11'),
(127, 'Yogurt Pink Chips', 1, '2024-03-01 19:51:22', '2024-03-01 19:51:22'),
(128, 'Cookie Dough', 1, '2024-03-01 19:51:31', '2024-03-01 19:51:31'),
(129, 'Marshmallow Chips', 1, '2024-03-01 19:51:41', '2024-03-01 19:51:41'),
(130, 'Goji Berry', 1, '2024-03-01 19:51:50', '2024-03-01 19:51:50'),
(131, 'Plain Yogurt', 1.25, '2024-03-01 19:52:52', '2024-03-01 19:52:52'),
(132, 'Flax Seeds', 1, '2024-03-01 19:53:57', '2024-03-01 19:53:57'),
(133, 'Hemp Seeds', 1, '2024-03-01 19:54:16', '2024-03-01 19:54:16'),
(134, 'Protein Powder', 1, '2024-03-01 19:54:58', '2024-03-01 19:54:58'),
(136, 'Marshmallows', 1, '2024-03-01 19:55:29', '2024-03-01 19:55:29'),
(137, 'Avocado', 1.5, '2024-03-01 19:55:38', '2024-03-01 19:55:38'),
(138, 'Oreo Crumbs', 1, '2024-03-01 19:55:49', '2024-03-01 19:55:49'),
(144, 'Cinnamon', NULL, '2024-03-27 12:13:36', '2024-03-27 12:13:36'),
(145, 'Honey', NULL, '2024-03-27 12:13:58', '2024-03-27 12:13:58'),
(146, 'Vanilla extract', NULL, '2024-03-27 12:14:04', '2024-03-27 12:14:04'),
(147, 'Almond butter', 0.75, '2024-03-27 12:16:40', '2024-03-27 12:16:40'),
(148, 'Oats', 0.75, '2024-03-27 12:17:26', '2024-03-27 12:17:26'),
(149, 'Caramel', 0.75, '2024-03-27 12:17:38', '2024-03-27 12:17:38'),
(150, 'Espresso', 0.75, '2024-03-27 12:17:47', '2024-03-27 12:17:47'),
(151, 'Vanilla Whey Protein', 1, '2024-03-27 12:18:01', '2024-03-27 12:18:01'),
(152, 'Chocolate Whey Protein', 1, '2024-03-27 12:18:14', '2024-03-27 12:18:14'),
(153, 'Strawberry Whey Protein', 1, '2024-03-27 12:18:25', '2024-03-27 12:18:25'),
(154, 'Mango Protein (Mango)', 1, '2024-03-27 12:18:39', '2024-03-27 12:18:39'),
(155, 'Vegan Protein Vanilla', 1, '2024-03-27 12:18:48', '2024-03-27 12:18:48'),
(156, 'Vegan Protein Chocolate', 1, '2024-03-27 12:18:58', '2024-03-27 12:18:58'),
(157, 'Weight Gainer Vanilla (Mass)', 2, '2024-03-27 12:19:06', '2024-03-27 12:19:06'),
(158, 'Weight Gainer Chocolate (Mass)', 2, '2024-03-27 12:19:17', '2024-03-27 12:19:17'),
(159, 'Extra scoops of Protein', 1, '2024-03-27 12:19:26', '2024-03-27 12:19:26'),
(160, 'Ashwagandha Powder', 1, '2024-03-27 12:19:41', '2024-03-27 12:19:41'),
(161, 'Apple Cider Vinegar', 1, '2024-03-27 12:19:50', '2024-03-27 12:19:50'),
(162, 'Aloe Vera Juice', 1, '2024-03-27 12:19:58', '2024-03-27 12:19:58'),
(163, 'BCAA Powder', 1, '2024-03-27 12:20:08', '2024-03-27 12:20:08'),
(164, 'Bee Pollen Powder', 1, '2024-03-27 12:20:18', '2024-03-27 12:20:18'),
(165, 'Blue Spirulina Powder', 1.25, '2024-03-27 12:20:30', '2024-03-27 12:20:30'),
(166, 'Black Cherry Juice', 1, '2024-03-27 12:20:47', '2024-03-27 12:20:47'),
(167, 'Chia Seeds', 1, '2024-03-27 12:20:55', '2024-03-27 12:20:55'),
(169, 'Creatine Powder', 1, '2024-03-27 12:21:12', '2024-03-27 12:21:12'),
(170, 'Collagen Powder', 1, '2024-03-27 12:21:22', '2024-03-27 12:21:22'),
(171, 'Chlorophyll', 1, '2024-03-27 12:21:32', '2024-03-27 12:21:32'),
(172, 'Cayenne Pepper Powder', 1, '2024-03-27 12:21:50', '2024-03-27 12:21:50'),
(173, 'Charcoal Powder', 1, '2024-03-27 12:21:59', '2024-03-27 12:21:59'),
(174, 'CLA (Fat Loss)', 1, '2024-03-27 12:22:10', '2024-03-27 12:22:10'),
(175, 'CBD Oil', 1, '2024-03-27 12:22:18', '2024-03-27 12:22:18'),
(176, 'Echinacea (Immune)', 1, '2024-03-27 12:22:32', '2024-03-27 12:22:32'),
(177, 'Fiber Powder', 1, '2024-03-27 12:22:43', '2024-03-27 12:22:43'),
(178, 'Floradix iron', 1, '2024-03-27 12:22:52', '2024-03-27 12:22:52'),
(179, 'Glutamine Powder', 1, '2024-03-27 12:23:03', '2024-03-27 12:23:03'),
(180, 'Ginseng (Natural Energy)', 1, '2024-03-27 12:23:14', '2024-03-27 12:23:14'),
(181, 'Green Tea (Natural Energy)', 1, '2024-03-27 12:23:24', '2024-03-27 12:23:24'),
(182, 'Green Vibrance (77 Fruit & Veggie Powder)', 1.5, '2024-03-27 12:23:34', '2024-03-27 12:23:34'),
(183, 'Hemp Seed', 1, '2024-03-27 12:23:44', '2024-03-27 12:23:44'),
(184, 'Lion\'s Mane Powder', 1, '2024-03-27 12:23:59', '2024-03-27 12:23:59'),
(185, 'L-Carnitine', 1, '2024-03-27 12:24:10', '2024-03-27 12:24:10'),
(186, 'Multivitamin - Men', 1, '2024-03-27 12:33:14', '2024-03-27 12:33:14'),
(187, 'Multivitamins - Women', 1, '2024-03-27 12:33:47', '2024-03-27 12:33:47'),
(188, 'Matcha Powder', 1, '2024-03-27 12:33:57', '2024-03-27 12:33:57'),
(189, 'Maca Powder', 1, '2024-03-27 12:34:06', '2024-03-27 12:34:06'),
(190, 'Mushroom Powder', 1, '2024-03-27 12:34:15', '2024-03-27 12:34:15'),
(191, 'MCT Oil', 1, '2024-03-27 12:34:30', '2024-03-27 12:34:30'),
(192, 'Oil of Oregano', 1, '2024-03-27 12:34:38', '2024-03-27 12:34:38'),
(193, 'Probiotic (Immune/Digestion)', 1, '2024-03-27 12:34:48', '2024-03-27 12:34:48'),
(194, 'Reishi Powder', 1, '2024-03-27 12:34:57', '2024-03-27 12:34:57'),
(195, 'Rhodiola Powder', 1, '2024-03-27 12:35:05', '2024-03-27 12:35:05'),
(196, 'Shilajit Powder', 1, '2024-03-27 12:35:13', '2024-03-27 12:35:13'),
(198, 'Sea Moss Gel', 1.5, '2024-03-27 12:35:28', '2024-03-27 12:35:28'),
(199, 'Turmeric Powder', 1, '2024-03-27 12:35:35', '2024-03-27 12:35:35'),
(200, 'Thermogenic (Fat Burner/Energy)', 1, '2024-03-27 12:35:44', '2024-03-27 12:35:44'),
(201, 'Vitamin C', 1, '2024-03-27 12:35:55', '2024-03-27 12:35:55'),
(202, 'Vitamin B12', 1, '2024-03-27 12:36:05', '2024-03-27 12:36:05'),
(203, 'Banana', 1, '2024-03-27 12:38:35', '2024-03-27 12:38:35'),
(204, 'Strawberry', 1, '2024-03-27 12:38:44', '2024-03-27 12:38:44'),
(205, 'Blueberry', 1, '2024-03-27 12:38:53', '2024-03-27 12:38:53'),
(206, 'Raspberry', 1, '2024-03-27 12:39:11', '2024-03-27 12:39:11'),
(207, 'Blackberry', 1, '2024-03-27 12:39:20', '2024-03-27 12:39:20'),
(208, 'Mango', 1, '2024-03-27 12:39:25', '2024-03-27 12:39:25'),
(209, 'Apple', 1, '2024-03-27 12:39:30', '2024-03-27 12:39:30'),
(210, 'Peach', 1, '2024-03-27 12:39:36', '2024-03-27 12:39:36'),
(211, 'Papaya', 1, '2024-03-27 12:39:41', '2024-03-27 12:39:41'),
(212, 'Pineapple', 1, '2024-03-27 12:39:46', '2024-03-27 12:39:46'),
(213, 'Avocado', 1.5, '2024-03-27 12:39:54', '2024-03-27 12:39:54'),
(214, 'Passion Fruit', 1, '2024-03-27 12:40:06', '2024-03-27 12:40:06'),
(215, 'Dragon Fruit', 1, '2024-03-27 12:40:12', '2024-03-27 12:40:12'),
(216, 'Kale', 1, '2024-03-27 12:40:18', '2024-03-27 12:40:18'),
(217, 'Spinach', 1, '2024-03-27 12:40:23', '2024-03-27 12:40:23'),
(218, 'Ginger', 1, '2024-03-27 12:40:30', '2024-03-27 12:40:30'),
(219, 'Beets', 1, '2024-03-27 12:40:39', '2024-03-27 12:40:39'),
(220, 'Carrots', 1, '2024-03-27 12:40:51', '2024-03-27 12:40:51'),
(221, 'Celery', 1, '2024-03-27 12:40:59', '2024-03-27 12:40:59'),
(222, 'Peanut butter', 0.75, '2024-03-27 13:00:28', '2024-03-27 13:00:28'),
(223, 'Feta Cheese', 1, '2024-03-28 08:45:45', '2024-03-28 08:45:45'),
(224, 'Sun-dried Tomatoes', 1, '2024-03-28 08:45:58', '2024-03-28 08:45:58'),
(225, 'Sliced Avocado', 1, '2024-03-28 08:46:09', '2024-03-28 08:46:09'),
(226, 'Boiled Egg', 1, '2024-03-28 08:46:19', '2024-03-28 08:46:19'),
(227, 'Fresh Mozzarella', 1, '2024-03-28 08:46:32', '2024-03-28 08:46:32'),
(228, 'Tuna', 1, '2024-03-28 08:46:43', '2024-03-28 08:46:43'),
(229, 'Pickled Onions', 1, '2024-03-28 08:46:55', '2024-03-28 08:46:55'),
(230, 'Sweet Peppers', 1, '2024-03-28 08:47:03', '2024-03-28 08:47:03'),
(231, 'Kimchi', 1, '2024-03-28 08:47:12', '2024-03-28 08:47:12'),
(232, 'Balsamic Glaze', 1, '2024-03-28 08:47:20', '2024-03-28 08:47:20'),
(233, 'Spicy Hummus Glaze', 1, '2024-03-28 08:47:33', '2024-03-28 08:47:33'),
(234, 'Spicy Mango Chutney Glaze', 1, '2024-03-28 08:47:40', '2024-03-28 08:47:40'),
(235, 'Cashew-Jalapeno Honey Glaze', 1, '2024-03-28 08:47:47', '2024-03-28 08:47:47'),
(236, 'Apple Cider Vinegar', 1, '2024-03-28 08:53:09', '2024-03-28 08:53:09'),
(237, 'Probiotic (Immune/Digestion)', 1, '2024-03-28 08:53:17', '2024-03-28 08:53:17'),
(238, 'Oil of Oregano', 1, '2024-03-28 08:53:27', '2024-03-28 08:53:27'),
(239, 'Vitamin C', 1, '2024-03-28 08:53:35', '2024-03-28 08:53:35'),
(240, 'Echinacea (Immune)', 1, '2024-03-28 08:53:44', '2024-03-28 08:53:44'),
(241, 'Men\'s Multivitamin', 1, '2024-03-28 08:53:52', '2024-03-28 08:53:52'),
(242, 'Women\'s Multivitamin', 1, '2024-03-28 08:53:59', '2024-03-28 08:53:59'),
(243, 'Maca Powder', 1, '2024-03-28 08:55:26', '2024-03-28 08:55:26'),
(244, 'Turmeric Powder', 1, '2024-03-28 08:55:32', '2024-03-28 08:55:32'),
(245, 'Collagen Powder', 1, '2024-03-28 08:55:40', '2024-03-28 08:55:40'),
(246, 'Fiber Powder', 1, '2024-03-28 08:55:46', '2024-03-28 08:55:46'),
(247, 'Matcha Powder', 1, '2024-03-28 08:56:33', '2024-03-28 08:56:33'),
(248, 'Ashwagandha Powder', 1, '2024-03-28 08:56:42', '2024-03-28 08:56:42'),
(249, 'Rhodiola Powder', 1, '2024-03-28 08:56:49', '2024-03-28 08:56:49'),
(250, 'Mushroom Powder', 1, '2024-03-28 08:56:56', '2024-03-28 08:56:56'),
(251, 'Reishi Powder', 1, '2024-03-28 08:57:02', '2024-03-28 08:57:02'),
(252, 'Lion\'s Mane Powder', 1, '2024-03-28 08:57:08', '2024-03-28 08:57:08'),
(253, 'Charcoal Powder', 1, '2024-03-28 08:57:16', '2024-03-28 08:57:16'),
(254, 'Bee Pollen Powder', 1, '2024-03-28 08:57:23', '2024-03-28 08:57:23'),
(255, 'Cayenne Pepper Powder', 1, '2024-03-28 08:57:30', '2024-03-28 08:57:30'),
(256, 'Spirulina Powder', 1, '2024-03-28 08:57:36', '2024-03-28 08:57:36'),
(257, 'Blue Spirulina Powder', 1, '2024-03-28 08:57:42', '2024-03-28 08:57:42'),
(258, 'Black Cherry Juice', 1, '2024-03-28 08:57:49', '2024-03-28 08:57:49'),
(259, 'Aloe Vera Juice', 1, '2024-03-28 08:57:57', '2024-03-28 08:57:57'),
(260, 'Ginseng (Natural Energy)', 1, '2024-03-28 08:58:05', '2024-03-28 08:58:05'),
(261, 'Green Tea (Natural Energy)', 1, '2024-03-28 08:58:12', '2024-03-28 08:58:12'),
(262, 'Green Vibrance (77 Fruit & Veggie Powder)', 2, '2024-03-28 08:58:26', '2024-03-28 08:58:26'),
(263, 'Floradix Iron', 1, '2024-03-28 08:58:32', '2024-03-28 08:58:32'),
(264, 'CLA (Fat Loss)', 1, '2024-03-28 08:58:40', '2024-03-28 08:58:40'),
(265, 'Sea Moss Gel', 1.5, '2024-03-28 08:58:52', '2024-03-28 08:58:52'),
(266, 'Ginger', 1, '2024-03-28 08:59:03', '2024-03-28 08:59:03'),
(267, 'Pineapple', 1, '2024-03-28 08:59:09', '2024-03-28 08:59:09'),
(268, 'Orange', 1, '2024-03-28 08:59:16', '2024-03-28 08:59:16'),
(269, 'Beets', 1, '2024-03-28 08:59:22', '2024-03-28 08:59:22'),
(270, 'Kale', 1, '2024-03-28 08:59:28', '2024-03-28 08:59:28'),
(271, 'Spinach', 1, '2024-03-28 08:59:34', '2024-03-28 08:59:34'),
(272, 'Celery', 1, '2024-03-28 08:59:40', '2024-03-28 08:59:40'),
(273, 'Apple', 1, '2024-03-28 08:59:46', '2024-03-28 08:59:46'),
(274, 'Carrots', 1, '2024-03-28 08:59:52', '2024-03-28 08:59:52'),
(275, 'Lemon', 1, '2024-03-28 09:00:01', '2024-03-28 09:00:01'),
(276, 'Apple Cider Vinegar', 1, '2024-03-28 09:00:22', '2024-03-28 09:00:22'),
(277, 'Probiotic', 1, '2024-03-28 09:00:28', '2024-03-28 09:00:28'),
(278, 'Oil of Oregano', 1, '2024-03-28 09:00:35', '2024-03-28 09:00:35'),
(279, 'Vitamin C', 1, '2024-03-28 09:00:42', '2024-03-28 09:00:42'),
(280, 'Echinacea', 1, '2024-03-28 09:00:47', '2024-03-28 09:00:47'),
(281, 'Turmeric', 1, '2024-03-28 09:00:54', '2024-03-28 09:00:54'),
(282, 'Black Cherry', 1, '2024-03-28 09:01:01', '2024-03-28 09:01:01'),
(283, 'Fiber', 1, '2024-03-28 09:01:07', '2024-03-28 09:01:07'),
(284, 'Charcoal', 1, '2024-03-28 09:01:12', '2024-03-28 09:01:12'),
(285, 'Aloe Vera', 1, '2024-03-28 09:01:18', '2024-03-28 09:01:18'),
(286, 'Ginseng', 1, '2024-03-28 09:01:23', '2024-03-28 09:01:23'),
(287, 'Green Tea', 1, '2024-03-28 09:01:29', '2024-03-28 09:01:29'),
(288, 'Chlorophyll', 1, '2024-03-28 09:01:34', '2024-03-28 09:01:34'),
(289, 'Cayenne Pepper', 1, '2024-03-28 09:01:41', '2024-03-28 09:01:41'),
(290, 'Floradix Iron', 1, '2024-03-28 09:01:46', '2024-03-28 09:01:46'),
(291, 'Blue spirulina', 1, '2024-03-28 09:03:09', '2024-03-28 09:03:09'),
(292, 'Ginger', 1, '2024-03-28 09:03:14', '2024-03-28 09:03:14'),
(293, 'Vanilla', NULL, '2024-03-28 09:34:09', '2024-03-28 09:34:09'),
(294, 'Chocolate', NULL, '2024-03-28 09:34:15', '2024-03-28 09:34:15'),
(295, 'Strawberry', NULL, '2024-03-28 09:34:20', '2024-03-28 09:34:20'),
(296, 'Honey', NULL, '2024-03-28 09:43:55', '2024-03-28 09:43:55'),
(297, 'Maple Syrup', NULL, '2024-03-28 09:44:01', '2024-03-28 09:44:01'),
(298, 'Peanut Butter', NULL, '2024-03-28 09:44:05', '2024-03-28 09:44:05'),
(299, 'Almond Butter', NULL, '2024-03-28 09:44:13', '2024-03-28 09:44:13'),
(300, 'Granola', NULL, '2024-03-28 09:44:18', '2024-03-28 09:44:18'),
(301, 'Mixed Nuts', NULL, '2024-03-28 09:44:23', '2024-03-28 09:44:23'),
(302, 'Almonds', NULL, '2024-03-28 09:44:30', '2024-03-28 09:44:30'),
(303, 'Walnuts', NULL, '2024-03-28 09:44:37', '2024-03-28 09:44:37'),
(304, 'Pistachio', NULL, '2024-03-28 09:44:42', '2024-03-28 09:44:42'),
(305, 'Coconut Flakes', NULL, '2024-03-28 09:44:47', '2024-03-28 09:44:47'),
(306, 'Toasted Coconut Flakes', NULL, '2024-03-28 09:44:52', '2024-03-28 09:44:52'),
(307, 'Graham Cracker Crumbs', NULL, '2024-03-28 09:44:59', '2024-03-28 09:44:59'),
(308, 'Cinnamon', NULL, '2024-03-28 09:45:03', '2024-03-28 09:45:03'),
(309, 'Oats', NULL, '2024-03-28 09:45:08', '2024-03-28 09:45:08'),
(310, 'Fresh Strawberry', NULL, '2024-03-28 09:45:25', '2024-03-28 09:45:25'),
(311, 'Fresh Blueberry', NULL, '2024-03-28 09:45:31', '2024-03-28 09:45:31'),
(312, 'Fresh Blackberry', NULL, '2024-03-28 09:45:37', '2024-03-28 09:45:37'),
(313, 'Fresh Banana', NULL, '2024-03-28 09:45:44', '2024-03-28 09:45:44'),
(314, 'Fresh Mango', NULL, '2024-03-28 09:45:51', '2024-03-28 09:45:51'),
(315, 'Fresh Pineapple', NULL, '2024-03-28 09:45:56', '2024-03-28 09:45:56'),
(316, 'Fresh Raspberry', NULL, '2024-03-28 09:46:03', '2024-03-28 09:46:03'),
(317, 'Fresh Kiwi', NULL, '2024-03-28 09:46:17', '2024-03-28 09:46:17'),
(318, 'Raisins', NULL, '2024-03-28 09:46:22', '2024-03-28 09:46:22'),
(319, 'Nutella', NULL, '2024-03-28 09:46:27', '2024-03-28 09:46:27'),
(320, 'Caramel', NULL, '2024-03-28 09:46:35', '2024-03-28 09:46:35'),
(321, 'Chocolate Chips', NULL, '2024-03-28 09:46:40', '2024-03-28 09:46:40'),
(322, 'White Chocolate Chips', NULL, '2024-03-28 09:46:45', '2024-03-28 09:46:45'),
(323, 'Peanut Butter Chips', NULL, '2024-03-28 09:46:51', '2024-03-28 09:46:51'),
(324, 'Yogurt Chips', NULL, '2024-03-28 09:46:57', '2024-03-28 09:46:57'),
(325, 'Yogurt Pink Chips', NULL, '2024-03-28 09:47:03', '2024-03-28 09:47:03'),
(326, 'Cookie Dough', NULL, '2024-03-28 09:47:09', '2024-03-28 09:47:09'),
(327, 'Marshmallows Chips', NULL, '2024-03-28 09:47:14', '2024-03-28 09:47:14'),
(328, 'Goji Berry', NULL, '2024-03-28 09:47:19', '2024-03-28 09:47:19'),
(329, 'Plain Yogurt', 1, '2024-03-28 09:47:28', '2024-03-28 09:47:28'),
(330, 'Chia Seeds', NULL, '2024-03-28 09:47:36', '2024-03-28 09:47:36'),
(331, 'Flax Seeds', NULL, '2024-03-28 09:47:42', '2024-03-28 09:47:42'),
(332, 'Hemp Seeds', NULL, '2024-03-28 09:47:46', '2024-03-28 09:47:46'),
(333, 'Protein Powder', 1, '2024-03-28 09:47:53', '2024-03-28 09:47:53'),
(334, 'Sea Moss', 1.5, '2024-03-28 09:48:00', '2024-03-28 09:48:00'),
(335, 'Dates', NULL, '2024-03-28 09:48:07', '2024-03-28 09:48:07'),
(336, 'Marshmallows', NULL, '2024-03-28 09:48:14', '2024-03-28 09:48:14'),
(337, 'Avocado', 1.5, '2024-03-28 09:48:29', '2024-03-28 09:48:29'),
(338, 'Oreo Crumbs', NULL, '2024-03-28 09:48:38', '2024-03-28 09:48:38'),
(340, 'Cheez', 5, '2024-04-03 16:02:48', '2024-04-03 16:02:48'),
(344, 'Almond Milk', 0, '2024-05-20 14:57:38', '2024-05-20 14:57:38'),
(345, 'Coconut Milk', 0, '2024-05-20 14:58:11', '2024-05-20 14:58:11'),
(346, 'Oat Milk', NULL, '2024-05-20 15:35:53', '2024-05-20 15:35:53'),
(347, 'Coconut Water', 1.5, '2024-05-20 15:36:14', '2024-05-20 15:36:14'),
(348, 'water', NULL, '2024-05-20 15:36:39', '2024-05-20 15:36:39'),
(349, 'No Ice', NULL, '2024-05-20 15:43:36', '2024-05-20 15:43:36'),
(350, 'Little Ice', NULL, '2024-05-20 15:43:45', '2024-05-20 15:43:45'),
(351, 'Extra Ice (Thick)', NULL, '2024-05-20 15:43:53', '2024-05-20 15:43:53'),
(352, 'No Milk, Add Water', NULL, '2024-05-20 15:44:07', '2024-05-20 15:44:07'),
(353, 'No Protein', NULL, '2024-05-20 15:44:13', '2024-05-20 15:44:13'),
(354, 'No Banana', NULL, '2024-05-20 15:44:22', '2024-05-20 15:44:22'),
(355, 'No Strawberry', NULL, '2024-05-20 15:44:36', '2024-05-20 15:44:36'),
(356, 'No Blueberry', NULL, '2024-05-20 15:44:54', '2024-05-20 15:44:54'),
(357, 'No Mango', NULL, '2024-05-20 15:44:59', '2024-05-20 15:44:59'),
(358, 'No Papaya', NULL, '2024-05-20 15:45:05', '2024-05-20 15:45:05'),
(359, 'No Pineapple', NULL, '2024-05-20 15:45:12', '2024-05-20 15:45:12'),
(360, 'No Passion Fruit', NULL, '2024-05-20 15:46:04', '2024-05-20 15:46:04'),
(361, 'No Peach', NULL, '2024-05-20 15:46:10', '2024-05-20 15:46:10'),
(362, 'No Raspberry', NULL, '2024-05-20 15:46:15', '2024-05-20 15:46:15'),
(363, 'No Blackberry', NULL, '2024-05-20 15:46:32', '2024-05-20 15:46:32'),
(364, 'No Pitaya', NULL, '2024-05-20 15:46:40', '2024-05-20 15:46:40'),
(365, 'No Avocado', NULL, '2024-05-20 15:46:48', '2024-05-20 15:46:48'),
(366, 'No Apples', NULL, '2024-05-20 15:46:55', '2024-05-20 15:46:55'),
(367, 'No Ginger', NULL, '2024-05-20 15:47:01', '2024-05-20 15:47:01'),
(368, 'No Kale', NULL, '2024-05-20 15:47:09', '2024-05-20 15:47:09'),
(369, 'No Orange', NULL, '2024-05-20 15:47:17', '2024-05-20 15:47:17'),
(370, 'No Cucumber', NULL, '2024-05-20 15:47:26', '2024-05-20 15:47:26'),
(371, 'No Celery', NULL, '2024-05-20 15:47:34', '2024-05-20 15:47:34'),
(372, 'No Spinach', NULL, '2024-05-20 15:47:39', '2024-05-20 15:47:39'),
(373, 'No Carrot', NULL, '2024-05-20 15:47:45', '2024-05-20 15:47:45'),
(374, 'No Parsley', NULL, '2024-05-20 15:47:52', '2024-05-20 15:47:52'),
(375, 'No Beets', NULL, '2024-05-20 15:47:58', '2024-05-20 15:47:58'),
(376, 'No Aloe Vera', NULL, '2024-05-20 15:48:08', '2024-05-20 15:48:08'),
(377, 'No Peanut Butter', NULL, '2024-05-20 15:48:14', '2024-05-20 15:48:14'),
(378, 'No Almond Butter', NULL, '2024-05-20 15:48:22', '2024-05-20 15:48:22'),
(379, 'No Oats', NULL, '2024-05-20 15:48:29', '2024-05-20 15:48:29'),
(380, 'No Espresso', NULL, '2024-05-20 15:48:37', '2024-05-20 15:48:37'),
(381, 'No Caramel', NULL, '2024-05-20 15:48:43', '2024-05-20 15:48:43'),
(382, 'No Cinnamon', NULL, '2024-05-20 15:48:50', '2024-05-20 15:48:50'),
(383, 'No Wheatgrass', NULL, '2024-05-20 15:49:06', '2024-05-20 15:49:06'),
(384, 'No Dates', NULL, '2024-05-20 15:49:14', '2024-05-20 15:49:14'),
(385, 'No Graham Crackers', NULL, '2024-05-20 15:49:23', '2024-05-20 15:49:23'),
(386, 'No Coconut Flakes', NULL, '2024-05-20 15:49:34', '2024-05-20 15:49:34'),
(387, 'No Hershey Syrup', NULL, '2024-05-20 15:49:46', '2024-05-20 15:49:46'),
(388, 'No Oreos', NULL, '2024-05-20 15:50:09', '2024-05-20 15:50:09'),
(389, 'No Cashews', NULL, '2024-05-20 15:50:18', '2024-05-20 15:50:18'),
(390, 'No Pistachio', NULL, '2024-05-20 15:50:27', '2024-05-20 15:50:27'),
(391, 'No Honey', NULL, '2024-05-20 15:51:04', '2024-05-20 15:51:04'),
(392, 'Replace Whey for Vegan', NULL, '2024-05-20 15:51:35', '2024-05-20 15:51:35'),
(393, 'Replace Almond Milk with Oat Milk', NULL, '2024-05-20 15:52:30', '2024-05-20 15:52:30'),
(394, 'Replace Juice with Almond Milk', NULL, '2024-05-20 15:53:24', '2024-05-20 15:53:24'),
(395, 'Replace Pina Colada with Pineapple Juice', NULL, '2024-05-20 15:53:38', '2024-05-20 15:53:38'),
(396, 'Replace Pina Colada with Milk', NULL, '2024-05-20 15:53:49', '2024-05-20 15:53:49'),
(397, 'Replace Juice with Pineapple Juice', NULL, '2024-05-20 15:53:58', '2024-05-20 15:53:58'),
(398, 'Replace juice with Water', NULL, '2024-05-20 15:54:06', '2024-05-20 15:54:06'),
(399, 'Replace Milk with Water', NULL, '2024-05-20 15:54:14', '2024-05-20 15:54:14'),
(400, 'Replace Protein with Mango Protein', NULL, '2024-05-20 15:54:33', '2024-05-20 15:54:33'),
(401, 'Replace Protein with Strawberry Whey', NULL, '2024-05-20 15:54:40', '2024-05-20 15:54:40'),
(402, 'Replace Whey with Mass Gainer', NULL, '2024-05-20 15:54:48', '2024-05-20 15:54:48'),
(403, 'Replace Vanilla Whey with Chocolate Whey', NULL, '2024-05-20 15:55:13', '2024-05-20 15:55:13'),
(404, 'Replace Chocolate Whey with Vanilla Whey', NULL, '2024-05-20 15:55:19', '2024-05-20 15:55:19');

-- --------------------------------------------------------

--
-- Table structure for table `topping_products`
--

CREATE TABLE `topping_products` (
  `id` bigint(20) UNSIGNED NOT NULL,
  `product_id` bigint(20) UNSIGNED DEFAULT NULL,
  `category_id` bigint(20) UNSIGNED DEFAULT NULL,
  `created_at` timestamp NULL DEFAULT NULL,
  `updated_at` timestamp NULL DEFAULT NULL
) ENGINE=InnoDB DEFAULT CHARSET=utf8mb4 COLLATE=utf8mb4_unicode_ci;

--
-- Dumping data for table `topping_products`
--

INSERT INTO `topping_products` (`id`, `product_id`, `category_id`, `created_at`, `updated_at`) VALUES
(181, 114, 6, '2024-03-27 13:38:00', '2024-03-27 13:38:00'),
(182, 114, 8, '2024-03-27 13:38:00', '2024-03-27 13:38:00'),
(183, 114, 9, '2024-03-27 13:38:00', '2024-03-27 13:38:00'),
(184, 113, 4, '2024-03-27 13:38:34', '2024-03-27 13:38:34'),
(185, 113, 6, '2024-03-27 13:38:34', '2024-03-27 13:38:34'),
(186, 113, 8, '2024-03-27 13:38:34', '2024-03-27 13:38:34'),
(221, 97, 3, '2024-03-27 13:42:15', '2024-03-27 13:42:15'),
(222, 97, 4, '2024-03-27 13:42:15', '2024-03-27 13:42:15'),
(223, 97, 8, '2024-03-27 13:42:15', '2024-03-27 13:42:15'),
(224, 96, 3, '2024-03-27 13:42:35', '2024-03-27 13:42:35'),
(225, 96, 4, '2024-03-27 13:42:35', '2024-03-27 13:42:35'),
(226, 96, 8, '2024-03-27 13:42:35', '2024-03-27 13:42:35'),
(299, 131, 2, '2024-03-28 10:28:23', '2024-03-28 10:28:23'),
(300, 131, 3, '2024-03-28 10:28:23', '2024-03-28 10:28:23'),
(301, 130, 2, '2024-03-28 10:28:54', '2024-03-28 10:28:54'),
(302, 130, 3, '2024-03-28 10:28:54', '2024-03-28 10:28:54'),
(303, 129, 6, '2024-03-28 10:32:37', '2024-03-28 10:32:37'),
(304, 129, 8, '2024-03-28 10:32:37', '2024-03-28 10:32:37'),
(305, 129, 9, '2024-03-28 10:32:37', '2024-03-28 10:32:37'),
(306, 128, 6, '2024-03-28 10:33:47', '2024-03-28 10:33:47'),
(307, 128, 8, '2024-03-28 10:33:47', '2024-03-28 10:33:47'),
(308, 128, 9, '2024-03-28 10:33:47', '2024-03-28 10:33:47'),
(309, 127, 6, '2024-03-28 10:34:16', '2024-03-28 10:34:16'),
(310, 127, 8, '2024-03-28 10:34:16', '2024-03-28 10:34:16'),
(311, 127, 9, '2024-03-28 10:34:16', '2024-03-28 10:34:16'),
(318, 125, 8, '2024-03-28 10:38:51', '2024-03-28 10:38:51'),
(319, 125, 9, '2024-03-28 10:38:51', '2024-03-28 10:38:51'),
(320, 126, 6, '2024-03-28 10:39:21', '2024-03-28 10:39:21'),
(321, 126, 8, '2024-03-28 10:39:21', '2024-03-28 10:39:21'),
(322, 126, 9, '2024-03-28 10:39:21', '2024-03-28 10:39:21'),
(323, 122, 2, '2024-03-28 10:40:53', '2024-03-28 10:40:53'),
(324, 122, 3, '2024-03-28 10:40:53', '2024-03-28 10:40:53'),
(328, 121, 6, '2024-03-28 10:46:10', '2024-03-28 10:46:10'),
(329, 121, 8, '2024-03-28 10:46:10', '2024-03-28 10:46:10'),
(330, 121, 9, '2024-03-28 10:46:10', '2024-03-28 10:46:10'),
(334, 119, 6, '2024-03-28 10:47:32', '2024-03-28 10:47:32'),
(335, 119, 8, '2024-03-28 10:47:32', '2024-03-28 10:47:32'),
(336, 119, 9, '2024-03-28 10:47:32', '2024-03-28 10:47:32'),
(337, 118, 11, '2024-03-28 10:48:12', '2024-03-28 10:48:12'),
(338, 118, 13, '2024-03-28 10:48:12', '2024-03-28 10:48:12'),
(339, 117, 8, '2024-03-28 10:48:49', '2024-03-28 10:48:49'),
(340, 117, 9, '2024-03-28 10:48:49', '2024-03-28 10:48:49'),
(341, 116, 6, '2024-03-28 10:49:36', '2024-03-28 10:49:36'),
(342, 116, 8, '2024-03-28 10:49:36', '2024-03-28 10:49:36'),
(343, 116, 9, '2024-03-28 10:49:36', '2024-03-28 10:49:36'),
(344, 115, 10, '2024-03-28 10:50:18', '2024-03-28 10:50:18'),
(345, 107, 6, '2024-03-28 10:50:51', '2024-03-28 10:50:51'),
(346, 107, 8, '2024-03-28 10:50:51', '2024-03-28 10:50:51'),
(347, 107, 9, '2024-03-28 10:50:51', '2024-03-28 10:50:51'),
(348, 106, 8, '2024-03-28 10:52:31', '2024-03-28 10:52:31'),
(349, 106, 9, '2024-03-28 10:52:31', '2024-03-28 10:52:31'),
(350, 105, 8, '2024-03-28 10:53:08', '2024-03-28 10:53:08'),
(351, 105, 9, '2024-03-28 10:53:08', '2024-03-28 10:53:08'),
(352, 104, 8, '2024-03-28 10:53:21', '2024-03-28 10:53:21'),
(353, 104, 9, '2024-03-28 10:53:21', '2024-03-28 10:53:21'),
(354, 100, 11, '2024-03-28 10:58:59', '2024-03-28 10:58:59'),
(355, 100, 13, '2024-03-28 10:58:59', '2024-03-28 10:58:59'),
(356, 99, 11, '2024-03-28 10:59:37', '2024-03-28 10:59:37'),
(357, 99, 13, '2024-03-28 10:59:37', '2024-03-28 10:59:37'),
(358, 98, 11, '2024-03-28 11:00:08', '2024-03-28 11:00:08'),
(359, 98, 13, '2024-03-28 11:00:08', '2024-03-28 11:00:08'),
(360, 95, 8, '2024-03-28 11:01:53', '2024-03-28 11:01:53'),
(361, 95, 9, '2024-03-28 11:01:53', '2024-03-28 11:01:53'),
(362, 94, 6, '2024-03-28 11:02:40', '2024-03-28 11:02:40'),
(363, 94, 8, '2024-03-28 11:02:40', '2024-03-28 11:02:40'),
(364, 94, 9, '2024-03-28 11:02:40', '2024-03-28 11:02:40'),
(365, 93, 6, '2024-03-28 11:03:47', '2024-03-28 11:03:47'),
(366, 93, 8, '2024-03-28 11:03:47', '2024-03-28 11:03:47'),
(367, 93, 9, '2024-03-28 11:03:47', '2024-03-28 11:03:47'),
(368, 92, 6, '2024-03-28 11:05:08', '2024-03-28 11:05:08'),
(369, 92, 8, '2024-03-28 11:05:08', '2024-03-28 11:05:08'),
(370, 92, 9, '2024-03-28 11:05:08', '2024-03-28 11:05:08'),
(371, 91, 6, '2024-03-28 11:05:38', '2024-03-28 11:05:38'),
(372, 91, 8, '2024-03-28 11:05:38', '2024-03-28 11:05:38'),
(373, 91, 9, '2024-03-28 11:05:38', '2024-03-28 11:05:38'),
(374, 90, 6, '2024-03-28 11:05:59', '2024-03-28 11:05:59'),
(375, 90, 8, '2024-03-28 11:05:59', '2024-03-28 11:05:59'),
(376, 90, 9, '2024-03-28 11:05:59', '2024-03-28 11:05:59'),
(377, 89, 6, '2024-03-28 11:06:17', '2024-03-28 11:06:17'),
(378, 89, 8, '2024-03-28 11:06:17', '2024-03-28 11:06:17'),
(379, 89, 9, '2024-03-28 11:06:17', '2024-03-28 11:06:17'),
(380, 88, 11, '2024-03-28 11:06:53', '2024-03-28 11:06:53'),
(381, 88, 13, '2024-03-28 11:06:53', '2024-03-28 11:06:53'),
(382, 87, 11, '2024-03-28 11:07:23', '2024-03-28 11:07:23'),
(383, 87, 13, '2024-03-28 11:07:23', '2024-03-28 11:07:23'),
(384, 86, 11, '2024-03-28 11:07:39', '2024-03-28 11:07:39'),
(385, 86, 13, '2024-03-28 11:07:39', '2024-03-28 11:07:39'),
(386, 85, 6, '2024-03-28 11:08:47', '2024-03-28 11:08:47'),
(387, 85, 8, '2024-03-28 11:08:47', '2024-03-28 11:08:47'),
(388, 85, 9, '2024-03-28 11:08:47', '2024-03-28 11:08:47'),
(389, 84, 6, '2024-03-28 11:09:00', '2024-03-28 11:09:00'),
(390, 84, 8, '2024-03-28 11:09:00', '2024-03-28 11:09:00'),
(391, 84, 9, '2024-03-28 11:09:00', '2024-03-28 11:09:00'),
(392, 83, 6, '2024-03-28 11:09:19', '2024-03-28 11:09:19'),
(393, 83, 8, '2024-03-28 11:09:19', '2024-03-28 11:09:19'),
(394, 83, 9, '2024-03-28 11:09:19', '2024-03-28 11:09:19'),
(395, 82, 6, '2024-03-28 11:09:53', '2024-03-28 11:09:53'),
(396, 82, 8, '2024-03-28 11:09:53', '2024-03-28 11:09:53'),
(397, 82, 9, '2024-03-28 11:09:53', '2024-03-28 11:09:53'),
(398, 81, 6, '2024-03-28 11:10:07', '2024-03-28 11:10:07'),
(399, 81, 8, '2024-03-28 11:10:07', '2024-03-28 11:10:07'),
(400, 81, 9, '2024-03-28 11:10:07', '2024-03-28 11:10:07'),
(401, 80, 6, '2024-03-28 11:10:25', '2024-03-28 11:10:25'),
(402, 80, 8, '2024-03-28 11:10:25', '2024-03-28 11:10:25'),
(403, 80, 9, '2024-03-28 11:10:25', '2024-03-28 11:10:25'),
(404, 78, 10, '2024-03-28 11:11:34', '2024-03-28 11:11:34'),
(405, 76, 2, '2024-03-28 11:12:22', '2024-03-28 11:12:22'),
(406, 76, 3, '2024-03-28 11:12:22', '2024-03-28 11:12:22'),
(407, 75, 6, '2024-03-28 11:12:49', '2024-03-28 11:12:49'),
(408, 75, 8, '2024-03-28 11:12:49', '2024-03-28 11:12:49'),
(409, 75, 9, '2024-03-28 11:12:49', '2024-03-28 11:12:49'),
(410, 74, 6, '2024-03-28 11:13:27', '2024-03-28 11:13:27'),
(411, 74, 8, '2024-03-28 11:13:27', '2024-03-28 11:13:27'),
(412, 74, 9, '2024-03-28 11:13:27', '2024-03-28 11:13:27'),
(416, 133, 2, '2024-04-03 13:14:29', '2024-04-03 13:14:29'),
(417, 133, 3, '2024-04-03 13:14:29', '2024-04-03 13:14:29'),
(418, 120, 6, '2024-04-03 16:05:47', '2024-04-03 16:05:47'),
(419, 120, 8, '2024-04-03 16:05:47', '2024-04-03 16:05:47'),
(420, 120, 9, '2024-04-03 16:05:47', '2024-04-03 16:05:47'),
(421, 120, 14, '2024-04-03 16:05:47', '2024-04-03 16:05:47'),
(423, 136, 6, '2024-05-20 15:57:56', '2024-05-20 15:57:56'),
(424, 136, 15, '2024-05-20 15:57:56', '2024-05-20 15:57:56'),
(425, 136, 16, '2024-05-20 15:57:56', '2024-05-20 15:57:56');

-- --------------------------------------------------------

--
-- Table structure for table `users`
--

CREATE TABLE `users` (
  `id` bigint(20) UNSIGNED NOT NULL,
  `name` varchar(255) DEFAULT NULL,
  `first_name` varchar(255) DEFAULT NULL,
  `last_name` varchar(255) DEFAULT NULL,
  `email` varchar(255) NOT NULL,
  `image` varchar(255) DEFAULT NULL,
  `password` varchar(255) DEFAULT NULL,
  `is_active` enum('0','1') NOT NULL DEFAULT '0',
  `status` varchar(255) NOT NULL DEFAULT '0',
  `point` varchar(255) DEFAULT NULL,
  `created_at` timestamp NULL DEFAULT NULL,
  `updated_at` timestamp NULL DEFAULT NULL,
  `fcmtoken` varchar(255) DEFAULT NULL
) ENGINE=InnoDB DEFAULT CHARSET=utf8mb4 COLLATE=utf8mb4_unicode_ci;

--
-- Dumping data for table `users`
--

INSERT INTO `users` (`id`, `name`, `first_name`, `last_name`, `email`, `image`, `password`, `is_active`, `status`, `point`, `created_at`, `updated_at`, `fcmtoken`) VALUES
(1, 'rameez shakar', NULL, NULL, 'rameez@gmail.com', NULL, '$2y$10$O2AtAV/dZXDxB2AkXM0k3uHiYaoyswc6SkvZitODjoZFF3r1KXT7u', '0', '0', NULL, '2023-12-19 06:15:05', '2024-01-16 18:07:26', 'cOqCtVaLRx-WgA1JlJp1Ya:APA91bGG4ZDl9bA-QFKQ5BIR9vQM41K4QyuFHPoYSmxW1_XkbsAQN-qPQvE8_LjKWppLtdlP968C0tBkOL--xVszJsm2Xrbs8WqDR2of33usVBwk7O2v17CNt0oSl5sfy1W_6k_ZYKRb'),
(3, 'mfdf', NULL, NULL, 'admin@gmail.com', NULL, '$2y$10$Df4jGm8GyjIoF6JgM/2Kje0ZjPA4Ipi.b8GeC./kDKqQHwKk2755q', '0', '0', NULL, '2024-01-05 10:07:04', '2024-01-05 10:07:04', NULL),
(4, 'Farhan', NULL, NULL, 'farhan.ranglerz@gmail.com', NULL, '$2y$10$asITPTje/8M7EvvjyPorAeSpK3ueMOUwUub83AyWL100jZv9oC2ne', '0', '0', NULL, '2024-01-23 15:28:50', '2024-01-23 15:28:50', NULL),
(5, 'rameez shakar', NULL, NULL, 'rameez.ranglerz@gmail.com', NULL, '$2y$10$BLT4gVpmapx3AOXz9OT/eOmptD3j93QphkfABOhviZb9Syoi1bco.', '0', '3', '488', '2024-01-26 14:49:53', '2024-04-17 17:16:16', NULL),
(6, 'Aaa', NULL, NULL, 'aaa@aaa.aaa', NULL, '$2y$10$mpTs43hSsuEKdDqaeV3.SOEkh8Soa5SBdR9oAG5DCSFT54mQ1JvCK', '0', '0', NULL, '2024-01-31 00:52:11', '2024-01-31 00:52:11', NULL),
(7, 'Zyra Guevara', NULL, NULL, 'zeegee6@gmail.com', NULL, '$2y$10$LDbkLerp98SDU/w0r128KebFDVtTFJrSW0YPexms94cjuQfl6r5lu', '0', '0', NULL, '2024-02-01 20:51:25', '2024-02-01 20:51:25', NULL),
(8, 'Ali', NULL, NULL, 'ali.gilani@yahoo.com', NULL, '$2y$10$8w/AE4xeo.ZNvtxNwv4N3ORPgCzHIdt1.tebXGm9cEYY8KuMTa1B2', '0', '0', NULL, '2024-02-02 15:28:25', '2024-02-02 15:28:25', NULL),
(10, 'Ali', NULL, NULL, 'ranglerz1@gmail.com', NULL, '$2y$10$163djF1FYN.m6CbSMdrWZeoDSBQ2fhoBgpnszFDIOkTd3tDg80tPO', '0', '0', NULL, '2024-02-02 15:29:38', '2024-02-02 15:29:38', NULL),
(11, 'Ali', NULL, NULL, 'contact@ranglerz.com', NULL, '$2y$10$eq8U23RCd3t2BgjTQ2mvhuM5l0CwW./ecatkp1/kwDdYPK8KrAtEO', '0', '0', NULL, '2024-02-02 15:30:52', '2024-02-02 15:30:52', NULL),
(12, 'Ali', NULL, NULL, 'alisher6269@gmail.com', NULL, '$2y$10$uqLQJhE3RVQKcPa9J.bTw.lbCa4TyksRoQudw1eNPrm6/6WDmkDXq', '0', '0', NULL, '2024-02-02 15:36:55', '2024-02-02 15:36:55', NULL),
(13, 'Ali', NULL, NULL, 'alisher626@gmail.com', NULL, '$2y$10$lDqpUdKpMvYfXl5YNMJAu.VZHVC6fJvQoS0os.Z4ZqKURIy4ruvZS', '0', '0', NULL, '2024-02-02 15:38:27', '2024-02-02 15:38:27', NULL),
(14, 'Ali', NULL, NULL, 'alisher6@gmail.com', NULL, '$2y$10$eDN0LCl6EpZJ4k4BBIUMf.tVJyAojjLEh7GFjyPOhrqld62BOtNca', '0', '0', NULL, '2024-02-02 15:40:26', '2024-02-02 15:40:26', NULL),
(15, 'Ali', NULL, NULL, 'alisher123@gmail.com', NULL, '$2y$10$P4iGYOjmFbp1yafh9lIUTOD1l6rtt0ATDQwKgCcJZTAYTKuET5UM2', '0', '0', NULL, '2024-02-02 15:46:11', '2024-02-02 15:46:11', NULL),
(16, 'Asfand', NULL, NULL, 'asfand.ranglerz+315@gmail.com', NULL, '$2y$10$xuyfyAZfn4NhE6oYi4moPOGj80I0DEQYzQ5.xkl5XVFRvuJ8P0X1y', '0', '0', NULL, '2024-02-02 18:44:33', '2024-02-02 18:44:33', NULL),
(17, 'Amir', NULL, NULL, 'amir0810@yahoo.com', NULL, '$2y$10$xCkUsHudBCaXrRRaBNIBTe3CB2rQntZ9fpezzNgBtITPnH9Cj883m', '0', '0', NULL, '2024-02-08 23:35:34', '2024-02-08 23:35:34', NULL),
(18, 'Diana Leon', NULL, NULL, 'dleon@metroveincenters.com', NULL, '$2y$10$Ws3VBxdwUPwGPRLP9B.tWerED.E13POc4ZgTM2nPBht7yHyj2AUbi', '0', '0', NULL, '2024-02-08 23:43:06', '2024-02-08 23:43:06', NULL),
(19, 'Cassandra', NULL, NULL, 'bkzfuerza@gmail.com', NULL, '$2y$10$7L9ESjig0z/Pm6f8XaAaNOIQLLLkZfxzUiGBEcu05BLfB7o9sTXJ6', '0', '0', NULL, '2024-02-11 17:42:21', '2024-02-11 17:42:21', NULL),
(20, 'Alexandra', NULL, NULL, 'bxbella619@aol.com', NULL, '$2y$10$lv5E5OXemTTgOUdDiGTkPee/SrQY0jC6hc6y2tsQ9H1cMI9XuY1ZS', '0', '0', NULL, '2024-02-27 04:26:40', '2024-02-27 04:27:53', NULL),
(21, 'Omarian Gillette', NULL, NULL, 'amariangillette34@gmail.com', NULL, '$2y$10$KTyCv4Vxwr.Y8LGfP3vZxOq5wzZ/GnSUQzrYX0Yl2fJSx0OjFtxDO', '0', '0', NULL, '2024-02-28 02:19:52', '2024-02-28 02:19:52', NULL),
(22, 'katie mchugh', NULL, NULL, 'katiemchugh56@gmail.com', NULL, '$2y$10$tiNaSMFqW4lOpUzJH8w.G.4iG0K.Jzv2vEV6obqP0th7uk52gQ8K6', '0', '0', NULL, '2024-03-09 21:32:15', '2024-06-11 17:44:01', NULL),
(23, 'Andy Diaz', NULL, NULL, 'adiaz41683@gmail.com', NULL, '$2y$10$qvK5TOypunk60F0x4pzGfef41dqqZtHvPhZyXEJzSO2MtQutqN/US', '0', '0', NULL, '2024-03-09 21:35:41', '2024-03-09 21:35:41', NULL),
(24, 'Emo', NULL, NULL, 'eelagmi.realtor@gmail.com', NULL, '$2y$10$rRKcKuqkJbbLWeVJi0lTAedEXbz5eIWWFAEfPFu86DUCp05wCg3xm', '0', '0', NULL, '2024-03-09 22:03:28', '2024-03-09 22:03:28', NULL),
(25, 'Emo Agamy', NULL, NULL, 'emadelagmi@gmail.com', NULL, '$2y$10$1sUpYSw0byyGh34/GD7eGOcxJkSBKeOOWcGTuamBn41LJHbSamQTO', '0', '0', NULL, '2024-03-09 22:04:33', '2024-03-09 22:04:33', NULL),
(26, 'Emad Elagmi', NULL, NULL, 'eelagmi.gnc@gmail.com', NULL, '$2y$10$nVox8ua9p0ki02xrSa9Jve4o8/qry9iuo1do9XF6S/Upf7X9rX.Gq', '0', '0', NULL, '2024-03-09 22:06:38', '2024-03-09 22:06:38', NULL),
(27, 'Emad Elagmi', NULL, NULL, 'a2znutrition.bloomfield@gmail.com', NULL, '$2y$10$yti2U6qe.5xs0W0.p2dZceoGRqEn/.RbksB29qGoy0.c.yfmpvzia', '0', '0', NULL, '2024-03-09 22:07:46', '2024-03-09 22:07:46', NULL),
(28, 'Joanne Elagmi', NULL, NULL, 'Joapame@yahoo.com', NULL, '$2y$10$9flxWCJX008mxOo.aDjSqesvdpsZIm.FtNLpUwz6baOY8guxUbiIG', '0', '0', NULL, '2024-03-09 22:08:30', '2024-03-09 22:08:30', NULL),
(29, 'Aida Aly', NULL, NULL, 'aznutritionnj@gmail.com', NULL, '$2y$10$7.3Sk2/BNHVEUMhLxTnChOCAjOX/AJmAaqBZn2lRVPVwRddUO4Yr6', '0', '0', NULL, '2024-03-09 22:52:48', '2024-03-09 22:52:48', NULL),
(30, 'Michael Creamer', NULL, NULL, 'mcreamer82@yahoo.com', NULL, '$2y$10$dGTrgnUv4Sb4qzwu0OYZdeQ9TXA/K4NKcW0YpPGxtPLhelb5J9SmG', '0', '0', NULL, '2024-03-09 23:22:51', '2024-03-09 23:22:51', NULL),
(31, 'Gabriela', NULL, NULL, 'gabbygonzalezxoxo@gmail.com', NULL, '$2y$10$dAi.vOr7.ya.9qvpwxQT6.5XBNV/2cczfpXsFHRlKynaQbMz.kJ9q', '0', '0', NULL, '2024-03-10 02:59:52', '2024-03-10 02:59:52', NULL),
(32, 'Joseph', NULL, NULL, 'joedeza55@gmail.com', NULL, '$2y$10$rN47eYQLHh0LodRJbppdP.78QwdPvJSKgZbXM1KG5b2f2TwSGZx6K', '0', '0', NULL, '2024-03-10 08:30:52', '2024-03-10 08:30:52', NULL),
(33, 'Asffar', NULL, NULL, 'asffar.khan12@gmail.com', NULL, '$2y$10$cBzIUHxu73ompCJL8T3tZetOaLx2NX6KiEF12xT4gfR2F31.5alIO', '0', '0', NULL, '2024-03-11 13:26:58', '2024-03-11 13:26:58', NULL),
(34, 'Ali', NULL, NULL, 'ali.gilani52@gmail.com', NULL, '$2y$10$CD.OXBc/fi.jSLHc5O98Te2Eotku2acW9ap41sUqEIwHgdqe.8h2i', '0', '0', NULL, '2024-03-11 13:28:27', '2024-03-11 13:28:27', NULL),
(40, 'Bilal Rajpoot', NULL, NULL, 'm.usman.talat.2001@gmail.com', NULL, '$2y$10$h0c2DMHHYbT4GUs9yp61mupAyxHb.p1XNW.9Dauo0K4dMM7/L0PLm', '0', '0', NULL, '2024-03-11 16:41:04', '2024-03-11 16:41:04', NULL),
(41, 'Bilal Rajpoot', NULL, NULL, 'bilal.ranglerz199@gmail.com', NULL, '$2y$10$MtoNgLnZJHdmSxdm6zV7iOBESuzR9x.Qm.KCfskUWYsgN79ucI7hS', '0', '0', '21', '2024-03-11 16:46:53', '2024-04-17 14:58:52', NULL),
(42, 'Asfand Yar', NULL, NULL, 'asfand.ranglerz+355@gmail.com', NULL, '$2y$10$f.iXlu74GiMoCcyqXElVa.MQjIj0PQmGb6iy8iRYaB3XPIWIFKRBi', '0', '0', NULL, '2024-03-11 17:23:49', '2024-04-08 14:50:49', NULL),
(43, 'Bilal Rajpoot', NULL, NULL, 'bilal.ranglerz199+1@gmail.com', NULL, '$2y$10$5tEhm8kbaSS.seNvUlt6yugD.Yk/8M116YjVyYRGj1xyBBkUO/4OC', '0', '0', NULL, '2024-03-12 11:37:29', '2024-03-12 11:37:29', NULL),
(44, 'rameez', NULL, NULL, 'rameezshakar@gmail.com', NULL, '$2y$10$dcv3AVG0yC4.k7FqplCo7.TYrXN6pIrxvqNE9DYBDMl390NybqEee', '0', '0', NULL, '2024-03-12 14:28:05', '2024-03-12 14:28:05', NULL),
(45, 'Rameez', NULL, NULL, 'rameezshakar+1@gmail.com', NULL, '$2y$10$vObGY5xsfQvZ2kCvlX/HJeQWQERBUN5JR48Av2NWNtnoltXb5LEmy', '0', '0', NULL, '2024-03-12 14:36:15', '2024-03-12 14:36:15', NULL),
(46, 'rameez shakar', NULL, NULL, 'rameezshakar+2@gmail.com', NULL, '$2y$10$qMb3.tKZeS4JbnyHHGzCiuaUfN3iI9XpX85UiFDWWRfHeXoPSvazW', '0', '0', NULL, '2024-03-12 14:39:17', '2024-03-12 14:39:17', NULL),
(47, 'Shakil kazi', NULL, NULL, 'shakilkazi2004@yahoo.com', NULL, '$2y$10$.M9aYOn/LbkbN2VBV940u.uxrVxLQQUjNiPi3Lplqi.mDFE0S/bQ6', '0', '0', NULL, '2024-03-13 23:19:04', '2024-03-15 17:42:03', NULL),
(48, 'Melissa', NULL, NULL, 'urena96@hotmail.com', NULL, '$2y$10$Rp9e2YlpTte8jRcQNQfLUOGk8VoyY5.nQXH65dWp2PMMT0RsGPyz6', '0', '0', NULL, '2024-03-15 01:52:32', '2024-03-15 01:52:32', NULL),
(49, 'Amy', NULL, NULL, 'amy.hasou@gmail', NULL, '$2y$10$KyBidZIwGNYywm6lcVMDi.X7gBNOcoAJSPH4KhuQfl7O3Fn61ePsO', '0', '0', NULL, '2024-03-16 15:51:51', '2024-03-16 15:51:51', NULL),
(50, 'Amy', NULL, NULL, 'amyhasou@gmail.com', NULL, '$2y$10$oIa.nqOWlr9cCWx3OIdmD.uWZTL2gDNtP5iZ6wPFB4ZklKdBbz9oK', '0', '0', NULL, '2024-03-16 15:53:17', '2024-03-16 15:53:17', NULL),
(51, 'Jessika', NULL, NULL, 'correa.jessika083194@gmail.com', NULL, '$2y$10$hGclJ3qEzQjEgEI4CxJJteVez2SNqLupDz2nW6ZSM4cvyX92yRWsy', '0', '0', NULL, '2024-03-20 04:47:32', '2024-03-20 04:47:32', NULL),
(52, 'Alexa Catanzaro', NULL, NULL, 'alexac918@gmail.com', NULL, '$2y$10$RsPVidA/8JCV6.Ub7ygJcON2s1fDTN0GwerMAuHTnzEynLgZDOo0.', '0', '0', NULL, '2024-03-26 03:49:38', '2024-03-26 03:55:30', NULL),
(53, 'TJ', NULL, NULL, 'robertorodriguez080318@gmail.com', NULL, '$2y$10$UK685ALY7V/1E2ty47HoMewiWV4MQpRu.VTatnJcOdO.YxyvDVbt.', '0', '0', NULL, '2024-03-30 22:14:45', '2024-03-30 22:14:45', NULL),
(54, 'Samy', NULL, NULL, 'samymorales.122205@gmail.com', NULL, '$2y$10$geG.6rQ2gf7NF3DwVC2HB.BblT8bFZrXQ2ekKTpEyIlZGE7vfX.Uq', '0', '0', NULL, '2024-03-31 15:49:13', '2024-03-31 15:49:13', NULL),
(55, 'George', NULL, NULL, 'gonefishin73@aol.com', NULL, '$2y$10$7/bPlE7OrFMoNRjWLytDLuqgxtydwzbgsjfDnL96lCK5G3KKFeRsq', '0', '0', NULL, '2024-04-02 18:09:25', '2024-05-23 19:51:18', NULL),
(56, 'Fermin', NULL, NULL, 'min7787@gmail.com', NULL, '$2y$10$ftiOeaPvM5rlMG/EmNPEJuCGhzXNftW80mcQH71Ik0JoQedkiangy', '0', '0', NULL, '2024-04-04 23:55:10', '2024-04-05 00:17:08', NULL),
(57, 'Yarlyn', NULL, NULL, 'yarlyn20@gmail.com', NULL, '$2y$10$LWbaCNCasS8phJn6OZuJn.YirZh1WzndUEUAiWsGPG42ah2gzxuLy', '0', '0', NULL, '2024-04-06 01:41:34', '2024-04-06 01:41:34', NULL),
(58, 'Gina', NULL, NULL, 'gina.meola127@gmail.com', NULL, '$2y$10$KlKni6h1SSqgLYrJS8K.QeAlsU1.DWTmG6XO8so1eSt/aDym089VK', '0', '0', NULL, '2024-04-06 19:05:33', '2024-04-06 19:05:33', NULL),
(59, 'Ricardo Baez', NULL, NULL, 'sixtorbaez@gmail.com', NULL, '$2y$10$uxMtBG8WboZ2e7R4RnN8Du8CRdPZIY8OMnEx2ugHzeiSk.n7MYx1C', '0', '0', NULL, '2024-04-06 19:47:05', '2024-10-04 19:42:45', NULL),
(60, 'Mady', NULL, NULL, 'hayes8879@msn.com', NULL, '$2y$10$Q8s4vYEyJkNb1IMryCRVf.Qzy0VELhkqq6HuDmpteRS.gQpZmz0rW', '0', '0', NULL, '2024-04-07 20:59:52', '2024-04-07 20:59:52', NULL),
(61, 'Ivan Xoletl', NULL, NULL, 'xoletlivan15@gmail.com', NULL, '$2y$10$2pCx0zsEN8VvZhIx6fkrTuKp8GcEQ8jW/D7miIShmYx88F3UO4YxK', '0', '0', NULL, '2024-04-08 22:04:02', '2024-06-15 20:02:39', NULL),
(62, 'Ana', NULL, NULL, 'anarosado09@gmail.com', NULL, '$2y$10$YW5RY9xZ4w.oLaOSnlntNORoOFmewdBs7KibIL.6UEpX1SLznwGiG', '0', '0', NULL, '2024-04-08 22:30:12', '2024-04-08 22:32:07', NULL),
(63, 'Juan Bedoya', NULL, NULL, 'juao118@hotmail.com', NULL, '$2y$10$aV89EaVwX3A9F/K9QTLu/O9JyY2pHi6mYVtLzxWelC1a8pDykCQfW', '0', '0', NULL, '2024-04-08 22:46:45', '2024-04-08 22:46:45', NULL),
(64, 'Celeste', NULL, NULL, 'celesteski21@gmail.com', NULL, '$2y$10$E5EkCx3cgp2yQWUeuU5ODuAquzK/6vZf9oEasFerV7E9pWIAcGXkO', '0', '0', NULL, '2024-04-09 02:11:16', '2024-04-09 02:11:16', NULL),
(65, 'John', NULL, NULL, 'farfanj2@gmail.com', NULL, '$2y$10$9v1sCkZz91bZRKYuwV7sKObt8nFDqRBVJA7QBNZz.GA0o5hxjvbKS', '0', '0', NULL, '2024-04-09 17:05:48', '2024-04-09 17:05:48', NULL),
(66, 'Rafael', NULL, NULL, 'rafael.rodriguez96@yahoo.com', NULL, '$2y$10$R.DndQFouezZX6jS1Nc6uOuTIoBKgEcXb0IRgoo0q9ajUVAbwjHqq', '0', '0', NULL, '2024-04-10 20:41:01', '2024-04-10 20:42:57', NULL),
(67, 'Anthony Ortega', NULL, NULL, 'anthonyortega96@live.com', NULL, '$2y$10$1X4chCUJ45Hru19xYzxGtepBdQXacXwdnwhppCX9RqhcNV8foG0lq', '0', '0', NULL, '2024-04-10 22:17:33', '2024-04-10 22:17:33', NULL),
(68, 'Arianna', NULL, NULL, 'acandel22@icloud.com', NULL, '$2y$10$qrPL3CEu36XSUUgLp0iL3eL9Dg4Kw0UXdwgKIyI6F5LXbx7I3qYg2', '0', '0', NULL, '2024-04-14 03:33:24', '2024-04-14 03:33:24', NULL),
(69, 'Cassandra Edouard', NULL, NULL, 'c.edouard89@gmail.com', NULL, '$2y$10$4KDb09TQP0ls.Rh31noPK.lt6QKdlGZ/nn4TMMLzJhewvum2GYiT2', '0', '0', NULL, '2024-04-14 16:34:21', '2024-04-14 16:34:21', NULL),
(70, 'Vinnie', NULL, NULL, 'vindemattia19@gmail.com', NULL, '$2y$10$z9/Xclys2qbR9yuz5uv4LewjpKByFVj8mzpgiRktQOgTqQbWnc0ui', '0', '0', NULL, '2024-04-14 18:47:49', '2024-04-15 13:41:37', NULL),
(71, 'Alexis', NULL, NULL, 'aignaciio@yahoo.com', NULL, '$2y$10$BXzLBV.fJaENuQhD9zUgbuWNDr./kX34.gGgEXMopa6qT52KdvaC6', '0', '0', NULL, '2024-04-14 23:03:31', '2024-04-14 23:03:31', NULL),
(72, 'Jos D', NULL, NULL, 'josed2049@gmail.com', NULL, '$2y$10$/EatSsPnk8/g0EHkjFq6.Oz63mR73UQyBYC2L.tU5HvAAKsvWW/zm', '0', '0', NULL, '2024-04-16 17:18:55', '2024-04-16 17:18:55', NULL),
(73, 'Sean', NULL, NULL, 'seancelestine@gmail.com', NULL, '$2y$10$LZ455.YiOZTr6NBEzEwWmu8Z6khhQH7GRxxOb.WGMitGC77VBTEAa', '0', '0', NULL, '2024-04-16 18:23:00', '2024-04-16 18:23:00', NULL),
(74, 'Chris Whitaker', NULL, NULL, 'cjwhit679@gmail.com', NULL, '$2y$10$rKvri5oynWM6C.DIOUO2FOUn2VzrMwKRvAFNC23.g7v2.stb.Gv72', '0', '0', NULL, '2024-04-16 18:43:21', '2024-04-16 18:43:21', NULL),
(75, 'Aleksandar Dimitrovski', NULL, NULL, 'aleksandar.dimitrovski@jjay.cuny.edu', NULL, '$2y$10$GcxpUcOx0N2PwUz3OFTPLOw/SslW5gpjmQXPmOI4owge2wdKqRAzi', '0', '0', NULL, '2024-04-16 19:03:32', '2024-04-16 19:03:32', NULL),
(76, 'Rahmeek pacheco', NULL, NULL, 'rahmeekjpacheco@gmail.com', NULL, '$2y$10$aMXwAf3lclIi5K.GlDcdH.pHSecTJITfEsvH8h.o78IFq.DEInF3m', '0', '0', NULL, '2024-04-17 14:27:38', '2024-04-17 14:27:38', NULL),
(77, 'Nassar Abedrabbo', NULL, NULL, 'nassar_abedrabbo@yahoo.com', NULL, '$2y$10$gkcXAm81K2sVZaxDwMlbserUOBi5/CX3MhTr8q9tWEDa9M9XjoKH2', '0', '0', NULL, '2024-04-17 16:06:01', '2024-04-17 16:06:01', NULL),
(78, 'Fatima', NULL, NULL, 'fatima061101@gmail.com', NULL, '$2y$10$XFmK8C3mre7e1rp0gSuR/ubJU46shKyzmQIngmS6ZHFxLlgZy44n6', '0', '0', NULL, '2024-04-17 23:43:41', '2024-04-17 23:44:58', NULL),
(79, 'Keyla', NULL, NULL, 'ayokeyla@icloud.com', NULL, '$2y$10$kaZU9bRLEnkKm5hk.sgi0Ok5vHfQ7n96A4okKDg4rwYUb1aGcGcGK', '0', '0', NULL, '2024-04-18 19:45:40', '2024-04-18 19:45:40', NULL),
(80, 'Angela Vazquez', NULL, NULL, 'vangela6780@gmail.com', NULL, '$2y$10$lBZyED83OJqW0WwE1XSLCuRtCBrbGrxTi24chGbByWHxCaVBZSNye', '0', '0', NULL, '2024-04-18 22:19:11', '2024-04-18 22:19:11', NULL),
(81, 'patricia kisiel', NULL, NULL, 'patriciaxo92@gmail.com', NULL, '$2y$10$.966kdCaMPYerPA/IgEPPOzH3eJaQaXZqG2bPLy5TqEuNgBvICuoy', '0', '0', NULL, '2024-04-19 16:19:01', '2024-04-19 16:19:01', NULL),
(82, 'Angela Olivieri', NULL, NULL, 'angela.r.olivieri@gmail.com', NULL, '$2y$10$DrIPv1DWzqMzFA9vk3rlmO4.6d.lwInP5Anc/6ewTqWe8s0f0Z.ty', '0', '0', NULL, '2024-04-19 18:47:03', '2024-04-24 23:37:26', NULL),
(83, 'erika', NULL, NULL, 'erika.ajayj30@gmail.com', NULL, '$2y$10$H/dCHPLcmqUke1xBXft6UeTjTryeb2CmAkeq.FFCVtvrFBoiqmQVm', '0', '0', NULL, '2024-04-19 20:53:46', '2024-06-14 17:45:46', NULL),
(84, 'Robert Guzman', NULL, NULL, 'robertguzman1994@hotmail.com', NULL, '$2y$10$0LWkGmmQiq1/p/QKPrWApuE1w04ZzIgojk/wM4tmV0u72wACnKlJC', '0', '0', NULL, '2024-04-21 21:22:26', '2024-04-21 21:22:26', NULL),
(85, 'Alba collado', NULL, NULL, 'alba_collado@hotmail.com', NULL, '$2y$10$U.wAoO03RS6m4kah1D2.W.Zr0PprdTdNn9Vb/CS8Dt5loxI6HyonW', '0', '0', NULL, '2024-04-23 04:02:26', '2024-04-23 04:02:26', NULL),
(86, 'Derly', NULL, NULL, 'derly2615@gmail.com', NULL, '$2y$10$W5R4XYIpuTqH8TVWavJpk.bynSzA97XYXyfjBnRYYvU5LXFFRG3qu', '0', '0', NULL, '2024-04-23 19:12:49', '2024-04-23 19:12:49', NULL),
(87, 'Maria', NULL, NULL, 'maria_10313@hotmail.com', NULL, '$2y$10$ojmfUQfgw4aZ/rMqNHUYuu4wG6c7V5CCN3BEu98zeq6WVTYQjBwgW', '0', '0', NULL, '2024-04-23 19:29:43', '2024-04-23 19:29:43', NULL),
(88, 'Luis', NULL, NULL, 'matosl1@yahoo.com', NULL, '$2y$10$aV8.n340Jqy50PZ72v7ItuHlQyIMTDyjba3ah33nWy65tos1xTy2S', '0', '0', NULL, '2024-04-24 23:32:56', '2024-04-24 23:32:56', NULL),
(89, 'Zachary Coles', NULL, NULL, 'zjcoles@gmail.com', NULL, '$2y$10$vtya9w1aPdRWWeSZh0PIFerv6hKDAO81uV1guuMmoHEFJPnNXMlmO', '0', '0', NULL, '2024-04-25 01:31:40', '2024-04-25 01:31:40', NULL),
(90, 'Steph Gambino', NULL, NULL, 'stepharod1231@gmail.com', NULL, '$2y$10$cMB/BmAbCr1gBH95Dz/Xvugc.CFRWSgJ9UAFhZO/Kt2wXV4gmV2pu', '0', '0', NULL, '2024-04-26 06:24:40', '2024-04-26 06:24:40', NULL),
(91, 'Jaritsa reyes', NULL, NULL, 'jaritsao1@gmail.com', NULL, '$2y$10$t73Uu9WQySFoMMgRMMyKI.e3Y/iBjmMbThaCT7DNNQYEfIU0oh852', '0', '0', NULL, '2024-04-27 15:34:08', '2024-04-27 15:34:08', NULL),
(92, 'Eddie', NULL, NULL, 'demarco6403@aol.com', NULL, '$2y$10$HhgHgEtTC10XnkjTf/ltFOaxKJTntGmU0ovqqhAnK383/rtW2hnzq', '0', '0', NULL, '2024-04-27 19:35:30', '2024-04-27 19:35:30', NULL),
(93, 'Ashly', NULL, NULL, 'ishchuchi@gmail.com', NULL, '$2y$10$zvJX56NKry3T2wFo.chUteejFg9XhKRbY.q2uholxJqbjinElNc0e', '0', '0', NULL, '2024-04-27 20:10:04', '2024-04-27 20:10:04', NULL),
(94, 'Andre phillips', NULL, NULL, 'aptheagent@gmail.com', NULL, '$2y$10$xd1wEh4zUdFk3LCKzQotB./oYdfnC3qtsv6zGk0v3LTOBKMAKtNLW', '0', '0', NULL, '2024-04-28 00:13:10', '2024-04-28 00:13:10', NULL),
(95, 'Anderson ferreira', NULL, NULL, 'anderson.f.usmc@gmail.com', NULL, '$2y$10$AneZldHx33YD2dtmeRc9oO6skTmyRd34yrVv/WBvzI4tV/ejmtDXG', '0', '0', NULL, '2024-04-28 15:43:54', '2024-04-28 15:43:54', NULL),
(96, 'Idalyz', NULL, NULL, 'idalyzmarin@yahoo.com', NULL, '$2y$10$9nKS//5B83IOaE4TI3yAAeqkMdv6zEvvs.F41UtppvEeDwv.Klnr2', '0', '0', NULL, '2024-04-28 18:42:38', '2024-04-28 18:42:38', NULL),
(97, 'Wally', NULL, NULL, 'east2282@msn.com', NULL, '$2y$10$zXbu0a4d.UIoR0Ynq8xeieeJWbUfAz1aZldzb9X73Dn8sF6I7OuT.', '0', '0', NULL, '2024-04-29 17:21:45', '2024-04-29 17:21:45', NULL),
(98, 'Marlene', NULL, NULL, 'ortiz.mar82@gmail.com', NULL, '$2y$10$jKK0itBIFWqR1n/Cy1loyOQ3Zf7OXBU7d7TKTjZg8G/UKRMd3GwhK', '0', '0', NULL, '2024-04-30 21:01:18', '2024-04-30 21:01:18', NULL),
(99, 'LaShawn', NULL, NULL, 'lmtd06@gmail.com', NULL, '$2y$10$86EeAbTah7qg/b0ZhQmHXuWluSCOlbasErixrPCHqoQA9SD0Ldm0y', '0', '0', NULL, '2024-05-01 01:10:41', '2024-05-01 01:10:41', NULL),
(100, 'Nilda', NULL, NULL, 'nilda_aquino@yahoo.com', NULL, '$2y$10$NWuZP5cip4hH9lfMhXoCd.036GrioUxcvJsaOehIFgiizRWplbkNW', '0', '0', NULL, '2024-05-01 20:19:45', '2024-05-01 20:19:45', NULL),
(101, 'ZAIRA', NULL, NULL, 'mariela03ramos@yahoo.com', NULL, '$2y$10$fctDMKgmFHQ75HAsSJYxR.KBPb./GCAEu1jKNtBquQG/jd5qHdQ66', '0', '0', NULL, '2024-05-01 20:27:59', '2024-05-01 20:27:59', NULL),
(102, 'Leslie Gomez', NULL, NULL, 'lesliedgomez@live.com', NULL, '$2y$10$3pkSe9OOZqw6VP2a.aBgveLDBbaDMVg4HncvMKDV43o35HQJq4gcO', '0', '0', NULL, '2024-05-04 01:13:02', '2024-05-04 01:13:02', NULL),
(103, 'Lanasia', NULL, NULL, 'memaleary1@gmail.com', NULL, '$2y$10$vkIHyPa8Vo.AnEEpjGqYjOKCGQjiCFoOpeoveex6.u.GaTjXeABde', '0', '0', NULL, '2024-05-04 15:29:41', '2024-05-04 15:29:41', NULL),
(104, 'Christian Martinez', NULL, NULL, 'martinez6_27@yahoo.com', NULL, '$2y$10$U7YSBJIAIo9geEJPbUdkOuXsARe4dL/Oiarswp3mNbklMR1C3kDM6', '0', '0', NULL, '2024-05-07 20:45:38', '2024-05-07 20:45:38', NULL),
(105, 'Isaiah', NULL, NULL, 'iabedrabbo234@gmail.com', NULL, '$2y$10$nQRlpcPGQIM12fIQYXwX.OLKmdmATEwU6oXhMRsNOmQos55/9YJUS', '0', '0', NULL, '2024-05-08 03:59:27', '2024-05-08 03:59:27', NULL),
(106, 'Debora', NULL, NULL, 'deboragatica@me.com', NULL, '$2y$10$w9s8Xfah9pVunJUrNHb8ReFUdj57BfPAEwe09dSXgVMFchjrQtkJi', '0', '0', NULL, '2024-05-09 16:38:19', '2024-08-14 22:32:18', NULL),
(107, 'Carmen M Fernandez', NULL, NULL, 'Carmen.Fernandez@scasurgery.com', NULL, '$2y$10$98e8LvbAUrdwvJ8RLlgnMezRkPx/57vMR2z3E/lVgf3Nox48jZyla', '0', '0', NULL, '2024-05-09 19:42:08', '2024-05-09 19:42:08', NULL),
(108, 'Angello', NULL, NULL, 'angelloaltamar6728@aol.com', NULL, '$2y$10$.toHGwtWa10X8o1jZUb0reNnUDwCRJR72CyDEwUUbY03grql58JQG', '0', '0', NULL, '2024-05-10 20:23:45', '2024-05-10 20:23:45', NULL),
(109, 'Jay cook', NULL, NULL, 'jovanicook@gmail.com', NULL, '$2y$10$s5XTO0Q3kutF2YjbfezbfOkhOTOsaw7MvNxIX.sDqMc3vDI5zWYSu', '0', '0', NULL, '2024-05-12 02:00:18', '2024-05-12 02:00:18', NULL),
(110, 'Najee', NULL, NULL, 'npoughr@yahoo.com', NULL, '$2y$10$YffKsmRAF3MHwg23lnWuSu6QEm/1STg8JONOKAxhEGyaq1mcjemte', '0', '0', NULL, '2024-05-14 15:39:35', '2024-05-14 15:39:35', NULL),
(111, 'Emily', NULL, NULL, 'emilyulerio@gmail.com', NULL, '$2y$10$JKlQNdpzyH9rszxSmX86wuvJgUeFhO6y.aKNh8Z.C3LSYKoQAKviO', '0', '0', NULL, '2024-05-14 15:49:50', '2024-05-14 15:49:50', NULL),
(112, 'Miguel', NULL, NULL, 'gtzmikey@yahoo.com', NULL, '$2y$10$q8zED7F8CUiWiVQqOXsD1uY7BB2WGVYWZp.S/GKIXfn5mVpGB4ohG', '0', '0', NULL, '2024-05-15 04:17:38', '2024-05-15 04:17:38', NULL),
(113, 'Asia', NULL, NULL, 'asiatay22@yahoo.com', NULL, '$2y$10$XSz5diDZP7NeQmTsxnrjxOsgEHJ/EHBsYMcWvQzF.a3A6kLb.b/La', '0', '0', NULL, '2024-05-16 03:39:54', '2024-05-16 03:39:54', NULL),
(114, 'Shante C', NULL, NULL, 'slchestnut@gmail.com', NULL, '$2y$10$8Z5U85Fgjn9bPyuywfy65uS6k7ezWLyRHU18wH.exvZ0iPYwhbez6', '0', '0', NULL, '2024-05-16 21:26:30', '2024-05-16 21:26:30', NULL),
(115, 'Alba', NULL, NULL, 'albaruiz0911@gmail.com', NULL, '$2y$10$XXzMvLhwL1irpihcoDRwFO/IGTomjHtnfdRMHxT9CmpwUYFtiuEsO', '0', '0', NULL, '2024-05-17 04:12:46', '2024-05-17 04:12:46', NULL),
(116, 'michael', NULL, NULL, 'mkmikey23@gmail.com', NULL, '$2y$10$X/zQAqQBbesIueIICQqgvOernPYkZyW1nwkSr3SS3EvAzE6kU.qHK', '0', '0', NULL, '2024-05-18 19:13:34', '2024-05-18 19:13:34', NULL),
(117, 'Constance hester', NULL, NULL, 'hester.1695@gmail.com', NULL, '$2y$10$McfFAMZboeeozeCB32x5d.dok/R45EowdasZ7Sc6kBVdKGnSmP1ui', '0', '0', NULL, '2024-05-19 19:07:39', '2024-05-19 19:07:39', NULL),
(118, 'Lesley', NULL, NULL, 'thelady614@gmail.con', NULL, '$2y$10$AF6atBL896.njkpx93eNR.GYxYt8Qwya43qiF/9FXY.ud5efF6C/a', '0', '0', NULL, '2024-05-19 21:29:16', '2024-05-19 21:29:16', NULL),
(119, 'Andrea Cordova', NULL, NULL, 'drea.cordova26@gmail.com', NULL, '$2y$10$I7eA79IHniTgJM8A1nXsTunqYz1tuh7P8xpX.wuRPThaV1LN5rY6G', '0', '0', NULL, '2024-05-19 22:35:01', '2024-05-19 22:35:01', NULL),
(120, 'Marion Hunt', NULL, NULL, 'marion_lagman25255@yahoo.com', NULL, '$2y$10$h6//xqtxwf.pZCDl0lsZPO16ucz2PM2MP/0m/APk5BOnsyyhXB/OO', '0', '0', NULL, '2024-05-20 14:55:32', '2024-05-20 14:55:32', NULL),
(121, 'Hasan', NULL, NULL, 'hmuwakkil22@gmail.com', NULL, '$2y$10$82aVRxXWULC7u/3xYgTLF.KYHZ/hrS2FlAr4/do4M/5el3AFzsLuq', '0', '0', NULL, '2024-05-21 05:26:08', '2024-06-28 16:27:00', NULL),
(122, 'Zareh Zak', NULL, NULL, 'zarehzak52@gmail.com', NULL, '$2y$10$U.bo5su5j0KrRZNVVDX/.O.8PMyjuVLbJ4hSewng3iFsei.owRNYi', '0', '0', NULL, '2024-05-22 23:12:38', '2024-07-14 20:50:59', NULL),
(123, 'Marybell Ramirez', NULL, NULL, 'marybell70@yahoo.com', NULL, '$2y$10$C.97opu89qSkcxJu4do5LuUsNCmakORLnXUmo2vgwTRMDpEAIhPhu', '0', '0', NULL, '2024-05-22 23:24:40', '2024-05-22 23:24:40', NULL),
(124, 'Alejandra', NULL, NULL, 'allyurquico@icloud.com', NULL, '$2y$10$k68k8JKL.7WKaaDDUPMiie3Bjen4F.Ih4SJhzGTvLV0zJGJkoRZeS', '0', '0', NULL, '2024-05-23 03:59:27', '2024-05-23 03:59:27', NULL),
(125, 'Joey Mazza', NULL, NULL, 'djjm973@yahoo.com', NULL, '$2y$10$hHgrwoPI9EW0T/DrrvNXa.FvgPEkcapwj4tLbB6Ex1edihNalpx0.', '0', '0', NULL, '2024-05-24 14:42:14', '2024-05-24 14:42:14', NULL),
(126, 'Clara', NULL, NULL, 'Rjosslyn42@hotmail.com', NULL, '$2y$10$VoxoC14C3uNhfLiyKE99/OC4sd5f8eqBMG.wRPmIep22SXoHhMf5m', '0', '0', NULL, '2024-05-24 21:36:39', '2024-07-23 01:12:01', NULL),
(127, 'Maribel Cordero', NULL, NULL, 'emiltnj2003@yahoo.com', NULL, '$2y$10$9Qeg/60FvgaATNExr1.Jg.gDrnpT1L0OW.qI1DHVXffjA1EOxglXi', '0', '0', NULL, '2024-05-25 21:50:08', '2024-09-06 01:55:37', NULL),
(128, 'Zhane Miller', NULL, NULL, 'zhanemiller@aol.com', NULL, '$2y$10$nV.AAXtOKZ.kZopdLeuH5edhfmFAJigloZztnFIfZLtgXcR/zfjBG', '0', '0', NULL, '2024-05-25 23:08:07', '2024-05-25 23:08:07', NULL),
(129, 'Khalil', NULL, NULL, 'k_manning15@yahoo.com', NULL, '$2y$10$zFHoH8I2d5XEG/tdStJivusAVApUjNt98RoYt3ep.27MMorXUs2re', '0', '0', NULL, '2024-05-26 21:15:00', '2024-05-26 21:15:00', NULL),
(130, 'Steven', NULL, NULL, 'stockx224@gmail.com', NULL, '$2y$10$Apwfk6oE9dOiYKRzlSa8mOVaTdNy9YC.zxDUD3rJjJ8fIQFcQfVUq', '0', '0', NULL, '2024-05-27 18:33:21', '2024-06-26 22:59:13', NULL),
(131, 'Quan', NULL, NULL, 'meansquan@yahoo.com', NULL, '$2y$10$5JX9JhS8B533OSQfkDesYOH9wyC4Yp9LFJGLbE7SUg5n9/P6W2Nnq', '0', '0', NULL, '2024-05-29 00:34:57', '2024-05-29 06:27:03', NULL),
(132, 'Jeanette Lopez', NULL, NULL, 'jeanette.rosario@snet.net', NULL, '$2y$10$ni/pnJiGT2C6cqL1fAqB/eij.WmRuL49clb70BWqb4ales61mVeL.', '0', '0', NULL, '2024-05-29 01:11:21', '2024-05-29 01:11:21', NULL),
(133, 'Cynthia', NULL, NULL, 'lizc2192@gmail.com', NULL, '$2y$10$CtrkXVh9VK2aa1bgkUf.Pu0hTSCg/9RhjriUmidT7YHU0bWMrn9Jy', '0', '0', NULL, '2024-05-29 21:06:29', '2024-05-29 21:06:29', NULL),
(134, 'Kim', NULL, NULL, 'kimmorera16@gmail.com', NULL, '$2y$10$.8beKQYDMQ.DsEWciXNf8uQejyGQ6CktxmMiVA.E0SEATROKM0EaO', '0', '0', NULL, '2024-05-30 21:36:20', '2024-05-30 21:38:08', NULL),
(135, 'Ronald Garofalo', NULL, NULL, 'rgarofalo1@gmail.com', NULL, '$2y$10$EfmonRB242ZiQf5x.BamUeRrQFyiZyjzhMQyLRzqr32JqrJulzv2O', '0', '0', NULL, '2024-05-31 01:24:15', '2024-05-31 01:24:15', NULL),
(136, 'Cynthia', NULL, NULL, 'cynleonx3@gmail.com', NULL, '$2y$10$.6xoACh3rbCCO4HD7/Vk0eFIU41rgUvrX94tdASYmxCkqboboZnx.', '0', '0', NULL, '2024-05-31 14:37:20', '2024-07-11 02:53:33', NULL),
(137, 'KC', NULL, NULL, 'kimberlysharice@gmail.com', NULL, '$2y$10$1HPq9Tv.6rwf7Cgs9VL2TeN3IvuSCX7aRvDyQJhasIEzYJlWUuQQ6', '0', '0', NULL, '2024-06-01 19:43:42', '2024-06-01 19:43:42', NULL),
(138, 'Allen', NULL, NULL, 'allencartagena@msn.com', NULL, '$2y$10$JvAENJ4KHW.jt/zlNSawge34kh3cgxg63hmxu4eJoed50BpVRwbge', '0', '0', NULL, '2024-06-02 18:18:22', '2024-06-02 18:18:22', NULL),
(139, 'Selinay', NULL, NULL, 'tuncelselinay@gmail.com', NULL, '$2y$10$ODcasgC6C5Vg4A0DLnaWdu8LkEQxZgwm3WS5S4Smh7EIl/frqeb6q', '0', '0', NULL, '2024-06-02 21:44:14', '2024-06-02 21:44:14', NULL),
(140, 'Janet', NULL, NULL, 'joujou7oob@gmail.com', NULL, '$2y$10$wDH7ok9SRwzwmxw3TlR8LuZ7RhnHwIM3SXPnMKzv.3RLkQ4C5p3uO', '0', '0', NULL, '2024-06-04 01:29:17', '2024-06-04 01:29:17', NULL),
(141, 'francheska', NULL, NULL, 'ffrancheska826@gmail.com', NULL, '$2y$10$2kD.O/dOGDyIWeglVX5vjOURjAP2UHcIY7rNoHUG5H9i0zg11gHBi', '0', '0', NULL, '2024-06-05 18:47:02', '2024-06-05 18:47:02', NULL),
(142, 'Sebastian', NULL, NULL, 'notorioussebas717@yahoo.com', NULL, '$2y$10$GPW9yOaSFPnZtuOQB4hUp.SVmJQMxjwUNGFQAhjeJo7Z6gVSVkOty', '0', '0', NULL, '2024-06-05 19:36:30', '2024-06-05 19:36:30', NULL),
(143, 'Sharlene Morel', NULL, NULL, 'sharmorel123@hotmail.com', NULL, '$2y$10$ELQjujqM9biqLJw8xkI91O.oFvIVffI13IHFIPTyKPQf.EHFyi186', '0', '0', NULL, '2024-06-06 18:11:00', '2024-06-06 18:11:00', NULL),
(144, 'Lesly', NULL, NULL, 'leslymunoz199@yahoo.com', NULL, '$2y$10$.5I7AR/nBB4QRhnbzfo3Nu7zuEHA.N1fnfS5IeG4z5JLvL0ZGbW9C', '0', '0', NULL, '2024-06-07 14:44:53', '2024-06-07 14:44:53', NULL),
(145, 'David', NULL, NULL, 'damiand@kean.edu', NULL, '$2y$10$zOjOi5mwYo8YG6nQHTGej.pRuuPvUA2ZDEidcEF2/00cOel0lHg4q', '0', '0', NULL, '2024-06-07 21:25:28', '2024-06-07 21:25:28', NULL),
(146, 'Ivan', NULL, NULL, 'theivanflores@gmail.com', NULL, '$2y$10$an4akpd09Q9epKCah3WIQOthYWIx.oHT0YqNtbqLUE/2iw8SDgzx.', '0', '0', NULL, '2024-06-09 18:58:57', '2024-06-11 19:15:07', NULL),
(147, 'Quanasia', NULL, NULL, 'quanabii2014@gmail.com', NULL, '$2y$10$ikXkl4d7guKXgkPh07Wbb.cBtpIF.Z9Vqhv.8RrLMKt3gtW3Zt9DO', '0', '0', NULL, '2024-06-10 17:46:33', '2024-06-10 17:46:33', NULL),
(148, 'quababii2014@gmail.com', NULL, NULL, 'Quababii2014@gmail.com', NULL, '$2y$10$p73Mb.iygibfdoSrQMWhaOK7SfjkAavgoIcGboAjPFuDDEFqTiq/W', '0', '0', NULL, '2024-06-10 17:49:02', '2024-06-13 06:05:09', NULL),
(149, 'Gina LaConte', NULL, NULL, 'ladiavola73@gmail.com', NULL, '$2y$10$C3L3OCVc2B0FfpJNLAoUz.wuCEskkcPmcZflp90TxfrZFZLTmRywO', '0', '0', NULL, '2024-06-11 20:24:18', '2024-06-11 20:24:18', NULL),
(150, 'Mike abedrabbo', NULL, NULL, 'mikeabedrabbo@yahoo.com', NULL, '$2y$10$shgFJm..t0prkb14gc8IO.bC8yIHj71fhGPAJBsKJDMx.VxHbATd.', '0', '0', NULL, '2024-06-11 23:30:36', '2024-06-11 23:30:36', NULL),
(151, 'Samir', NULL, NULL, 'syounus95@live.com', NULL, '$2y$10$30XBT0kEzp0ItOd2ngBQduTvodt1v5EKzLVDAdVS2Tp6mZLt1rEye', '0', '0', NULL, '2024-06-12 06:47:09', '2024-06-12 06:47:09', NULL),
(152, 'valentina', NULL, NULL, 'valentinapm2006@icloud.com', NULL, '$2y$10$vpOA4LvyCbwbMCT2Ux8E/.mczm8ezoK1pDJouuQVvBwknd58NE3FW', '0', '0', NULL, '2024-06-12 08:49:46', '2024-06-12 08:49:46', NULL),
(153, 'Steven', NULL, NULL, 'madzarov3@live.com', NULL, '$2y$10$UwzqLZppBFbW6ZH94sRkmewvujvIWFX0Dqfv0aO.r/rThtWBlP9R2', '0', '0', NULL, '2024-06-12 16:37:08', '2024-07-11 17:07:46', NULL),
(154, 'Danielle Castanaga', NULL, NULL, 'dcastanaga1089@gmail.com', NULL, '$2y$10$BtMjCWSBPGaQqNvEU598V.tOnYVujYsJzJBKIWn2zq9gmekXIfXmi', '0', '0', NULL, '2024-06-12 17:35:55', '2024-06-12 17:35:55', NULL),
(155, 'Briona', NULL, NULL, 'brionacampbell91@gmail.com', NULL, '$2y$10$LNibtLrbCNX9/OSwxUPh8eAx8FSaqhTLJJgoRuhTGUM0AtjEHoXS2', '0', '0', NULL, '2024-06-13 17:23:34', '2024-06-13 17:23:34', NULL),
(156, 'Eric Nash', NULL, NULL, 'eric_nash@aol.com', NULL, '$2y$10$M2ZmySpgxnKo8.qcYcp2LOm3kwKjN1cQttOegvyQZhNQo23ba9MKe', '0', '0', NULL, '2024-06-14 04:20:58', '2024-06-14 04:20:58', NULL),
(157, 'Brittney', NULL, NULL, 'bgilchrust.bg@gmail.com', NULL, '$2y$10$5Mc9jMy7.x72cLQOh8gMCum4FpXbnITbwYAI0eA533Zo4VNLE4rQ.', '0', '0', NULL, '2024-06-14 14:55:05', '2024-06-14 14:55:05', NULL),
(158, 'Roosevelt Avelino', NULL, NULL, 'Ro1789@yahoo.com', NULL, '$2y$10$ULCoM7tpLCEsEIYrfxeLbeZ1Pj5TTAEhh7AM4py0JvwNVbX2Uivny', '0', '0', NULL, '2024-06-14 17:01:41', '2024-06-14 17:01:41', NULL),
(159, 'Antonella', NULL, NULL, 'asilvestri11@gmail.com', NULL, '$2y$10$IojzTvcLCWM362aAutxPo.WuqTKfGh5emv.f6SRuPWMqp3Z8p9pty', '0', '0', NULL, '2024-06-15 18:31:56', '2024-06-27 17:36:22', NULL),
(160, 'Cisne minga', NULL, NULL, 'jhoaminga@gmail.com', NULL, '$2y$10$Gs3TrP604YZ9sig6f2BBPuckrEf2PwQ2Qs4gVVad2JYp6Quy3nbQu', '0', '0', NULL, '2024-06-15 19:46:56', '2024-06-15 19:46:56', NULL),
(161, 'Tyler', NULL, NULL, 'tfrisbie7@yahoo.com', NULL, '$2y$10$PIuSnAcg2n/xuQvKXAZjseONAFzRrwSKB.DErMTo30ZLhzxIXy.rW', '0', '0', NULL, '2024-06-16 00:28:12', '2024-06-16 00:28:12', NULL),
(162, 'Derek Smith', NULL, NULL, 'dcsmith13@verizon.net', NULL, '$2y$10$x7KDjL9AL23nvNlrIblCT.9fUWRnTOF.13qg2jO72adeunyOI5yqK', '0', '0', NULL, '2024-06-17 19:57:40', '2024-06-17 19:57:40', NULL),
(163, 'Brenda', NULL, NULL, 'brendaponce2414@gmail.com', NULL, '$2y$10$pci7QVmqou2kNsg4.qlDBOTTIZtJkxPc/3eUMsC86Q7FySCWmvcwa', '0', '0', NULL, '2024-06-19 07:36:09', '2024-06-19 07:36:09', NULL),
(164, 'Jennifer', NULL, NULL, 'jennifermx819@gmail.com', NULL, '$2y$10$GPUhkpWk8COxMehJIoMHIOM.zOrCgo.aKEqGSGU3dRAoLqZpDMIee', '0', '0', NULL, '2024-06-21 16:11:06', '2024-06-21 16:11:06', NULL),
(165, 'Valentina', NULL, NULL, 'wuirmaryocanto2018@gmail.com', NULL, '$2y$10$u6cOCwir.p9/5prdA2iEROVDwtrpu4DOmPytB9P93Tm6Hg8nYxCsW', '0', '0', NULL, '2024-06-22 08:21:33', '2024-06-22 08:21:33', NULL),
(166, 'Valentina', NULL, NULL, 'valentinaocanto2022@gmail.com', NULL, '$2y$10$JXya8IVRXRe06X7rBxSXvuGVQMfL3BTe5O8OPvurd4t5bqPYPNyJq', '0', '0', NULL, '2024-06-22 08:23:01', '2024-06-22 08:23:01', NULL),
(167, 'Manny Fernandez', NULL, NULL, 'mannyt.fernandez@gmail.com', NULL, '$2y$10$DoMcq2U/YV16kMLivs3MzOz2I6UZwUo386kZY11hca4FhFOP0hh1O', '0', '0', NULL, '2024-06-23 01:24:52', '2024-06-23 01:24:52', NULL),
(168, 'Mariam Alzouabi', NULL, NULL, 'adkarm9@gmail.com', NULL, '$2y$10$3VlIe4OEIUYIhjNC45X6F.YPPHaUWfUi14cF/LiyMhXwn1LaCc5ai', '0', '0', NULL, '2024-06-23 02:17:20', '2024-06-23 02:17:20', NULL),
(169, 'Cinndy Marquez', NULL, NULL, 'cmarquezles@gmail.com', NULL, '$2y$10$IaiEZCkTeaNNjqBCAfSBhu4BNguevWZnf6VcruOslg4B5T/YTVVYe', '0', '0', NULL, '2024-06-23 02:37:26', '2024-06-23 02:37:26', NULL),
(170, 'Sammy Johnson', NULL, NULL, 'sammy0122@gmail.com', NULL, '$2y$10$n64pRX2ofwrSIZbnRR/ng.4TVV5lzH4dxmkX3ieuonuVFt6/Quuw6', '0', '0', NULL, '2024-06-23 18:48:36', '2024-06-23 18:48:36', NULL),
(171, 'Tyechia', NULL, NULL, 'tyechiabrown@yahoo.con', NULL, '$2y$10$azpjoBxHRZLnBkat14E7oOR9PpzrWLGHYSwO9tA7C1QId.s734j1S', '0', '0', NULL, '2024-06-25 06:22:10', '2024-06-25 06:22:10', NULL),
(172, 'Al', NULL, NULL, 'amart245@gmail.com', NULL, '$2y$10$dWh0KNqrQqs/Ko8NhaU5cunAfjX2IInOdrJ5FdVAmnzhFAQKgw1a6', '0', '0', NULL, '2024-06-27 18:30:08', '2024-06-27 18:30:08', NULL),
(173, 'Chris', NULL, NULL, 'cc.ruiz626@gmail.com', NULL, '$2y$10$RqvVk12hgVWfUD1qRtYjx.TMO7ouykuKKqR7RbCK75kPvwcr.l57.', '0', '0', NULL, '2024-06-27 20:31:22', '2024-06-27 20:31:22', NULL),
(174, 'Itzel', NULL, NULL, 'itzel.1994@yahoo.com', NULL, '$2y$10$P6jpCNMUMkkdxLY3csS1SeveNXXVoZ/bTMF7FPJWxNLdF0.HdIIii', '0', '0', NULL, '2024-06-28 15:05:13', '2024-06-28 15:05:13', NULL),
(175, 'Frank Capobianco', NULL, NULL, 'kfaf1457@yahoo.com', NULL, '$2y$10$KOOF2v6ylQWBumY400brXeGr8FPTSTpwnbSqFYUaQArtnAsr0ejsa', '0', '0', NULL, '2024-06-30 19:58:53', '2024-06-30 19:58:53', NULL),
(176, 'Jeyson Gil', NULL, NULL, 'jeysongil@gmail.com', NULL, '$2y$10$jnfss/2APLhMPmh72WzJTe9ovw1muzooqT3DuVZLg1HaUdLzvXSoC', '0', '0', NULL, '2024-07-01 19:49:07', '2024-07-01 19:49:07', NULL),
(177, 'Tyrionna', NULL, NULL, 'TyrionnaJackson05@icloud.com', NULL, '$2y$10$D5mfP2kRLIA4F5hznObi1.ykCSrzscq/YnmMQ46gntg9VyJy3XLCi', '0', '0', NULL, '2024-07-02 15:30:36', '2024-07-02 15:30:36', NULL),
(178, 'Briana Billings', NULL, NULL, 'qbillings2@yahoo.com', NULL, '$2y$10$3U6cUq9NLXo6UMXictdls.7Zk5FRzVSx75Ztdn4sMAU8yyEBMcgAy', '0', '0', NULL, '2024-07-03 14:18:01', '2024-07-03 14:18:01', NULL),
(179, 'Shameely Azanedo', NULL, NULL, 'shimmy630@gmail.com', NULL, '$2y$10$ppQiY1mwiBw5w7vlzqOZ9ui2g6k2bij7dvnTtLV3DUEGWFmKGTqL6', '0', '0', NULL, '2024-07-03 17:41:07', '2024-07-03 17:41:07', NULL),
(180, 'Bridget', NULL, NULL, 'bridget.felix@ymail.com', NULL, '$2y$10$8XtSFXQ9jxg0ppj4Z2o8XuFr1JcKvNXF24wPfxfmaoKCOmo..rgYS', '0', '0', NULL, '2024-07-05 18:35:13', '2024-07-17 12:46:11', NULL),
(181, 'Marjorie', NULL, NULL, 'mdemosthene2@gmail.com', NULL, '$2y$10$rEFKRCH/ZguyROwLrSwXwuQdkfjcTYmLrmdW85Oy3IHZVCVD12JUi', '0', '0', NULL, '2024-07-06 19:55:07', '2024-07-06 19:55:07', NULL),
(182, 'Nathaly', NULL, NULL, 'rosarion0769@gmail.com', NULL, '$2y$10$KK0sXAE1xjZfg6RBpr3i9eJk9.93hAydtRLqB1BkK7J/obsIbHXty', '0', '0', NULL, '2024-07-07 19:50:01', '2024-07-07 19:56:14', NULL),
(183, 'Michael', NULL, NULL, 'michrd@gmail.com', NULL, '$2y$10$msUElNtXhPKIpjOXwoNUSupVXll/kTqzdBQGWVMoAxLFhRcPSJ4my', '0', '0', NULL, '2024-07-07 23:44:25', '2024-07-07 23:44:25', NULL),
(184, 'Nora', NULL, NULL, 'noorazizi17@yahoo.com', NULL, '$2y$10$ibdr.B6we/yWVF6ZJ0b1IenobyVvWHzj0Y7OkNF9xKeEutNUIZalG', '0', '0', NULL, '2024-07-08 15:35:35', '2024-07-08 15:35:35', NULL),
(185, 'DeeBrown', NULL, NULL, 'vybesflow49@gmail.com', NULL, '$2y$10$dmmGTR8QSRFMH.yfknGAEev6RqG7w/hkv6UUXNJez3dTHBPlD/WG2', '0', '0', NULL, '2024-07-09 04:03:31', '2024-07-09 04:03:31', NULL),
(186, 'Kaliah', NULL, NULL, 'kaliahacevedo3@gmail.com', NULL, '$2y$10$QNDMOekveEpNj0hGXgTWvOm5UIWN9hxygECOUhectMuOFiGkQYJj6', '0', '0', NULL, '2024-07-09 20:21:47', '2024-07-09 20:21:47', NULL),
(187, 'Joleen', NULL, NULL, 'jlozano156@gmail.com', NULL, '$2y$10$9aoN72dz9f2eSR2cxUQh6OHVGz57TJdPC2rml0rD8O37PiWXUpAg.', '0', '0', NULL, '2024-07-09 22:24:51', '2024-07-09 22:24:51', NULL),
(188, 'Manal Salhia', NULL, NULL, 'manoola85@yahoo.com', NULL, '$2y$10$FhJj/P.tb3hWSebBNfveKOeklOCYLFHIIrXI2L0iQaljUpBe3Cp.C', '0', '0', NULL, '2024-07-09 23:15:10', '2024-07-09 23:15:10', NULL),
(189, 'Norivette', NULL, NULL, 'norivettec@yahoo.com', NULL, '$2y$10$9mwwtArmo71LMUHB4iIADORj3cSux.mVpwy4ftEQxvo1aJ3vl2lzK', '0', '0', NULL, '2024-07-10 00:44:43', '2024-07-10 00:44:43', NULL),
(190, 'Ahlam', NULL, NULL, 'ahlamy21@yahoo.com', NULL, '$2y$10$Py0fG9NDh6papuQM.5H1Tu1bRbsjkaALuBJO4FdYqMmS9UJ9.OJgK', '0', '0', NULL, '2024-07-10 02:13:57', '2024-07-10 02:13:57', NULL),
(191, 'Tamia', NULL, NULL, 'tamiakimani@icloud.com', NULL, '$2y$10$N2u2OiQyusx95YTL8p0OuORdiBgFbdmCmD28o4bQXVarLSaJAEPla', '0', '0', NULL, '2024-07-10 16:31:41', '2024-07-10 16:35:57', NULL),
(192, 'Jenny', NULL, NULL, 'VirtueLee1267@gmail.com', NULL, '$2y$10$WE4SoOffO9XsRlQW0q0DKeirTWnnQQ2RnwEObwJddhs2thZgYmOea', '0', '0', NULL, '2024-07-11 02:15:42', '2024-07-11 02:15:42', NULL),
(193, 'Nikaurys colon', NULL, NULL, 'nikkicolon18@gmail.com', NULL, '$2y$10$9hB1ceL1kHi.dz6wje.Zu.Q9jet2hRiBaJIaP4715yu3/oWkLuPxy', '0', '0', NULL, '2024-07-12 01:58:17', '2024-07-12 01:58:17', NULL),
(194, 'Joshua McCollum', NULL, NULL, 'ssjujosh@gmail.com', NULL, '$2y$10$xBBF8u7Itoxs05wW10SuauQ.r0CAx1D5a1Q8dN5y29m7cujNKxOVK', '0', '0', NULL, '2024-07-12 04:13:40', '2024-07-12 04:13:40', NULL),
(195, 'Brittney Yearwood', NULL, NULL, 'Brittney.yearwood@outlook.com', NULL, '$2y$10$NqRJGuZ5wzhwKkPtkzd50.L22ec9mbk7yzETdUbqubh3ucu5AP2ji', '0', '0', NULL, '2024-07-13 00:38:54', '2024-07-13 00:38:54', NULL),
(196, 'Martina', NULL, NULL, 'tinibini2008@gmail.com', NULL, '$2y$10$C/nPuVzjM5RQBifnNF.SH.rNhjsXePpXWtNYQG9Qt34VlANNCa9vO', '0', '0', NULL, '2024-07-14 15:25:42', '2024-07-14 15:25:42', NULL),
(197, 'Ashlee', NULL, NULL, 'ashleethomas128@gmail.com', NULL, '$2y$10$Prs55WN0VL.duOo9fJTM0.fOJpkyDK8MFcfGK6xfteRw9uNMnACua', '0', '0', NULL, '2024-07-14 21:34:16', '2024-07-14 21:34:16', NULL),
(198, 'Mayweather', NULL, NULL, 'ilovetowork1@gmail.com', NULL, '$2y$10$/Li3gn3BZyU1VzKnYhS7l.FKpZFl8mTiItM3dDQI7Xf/5j.HyuBsq', '0', '0', NULL, '2024-07-15 01:29:03', '2024-07-15 01:29:03', NULL),
(199, 'Bonnie', NULL, NULL, 'bmangual@gmail.com', NULL, '$2y$10$glaZLQiObXR2BernV1XTbuA0E0vMZ.91LtwBPvNqBgeV7wmoJxwce', '0', '0', NULL, '2024-07-16 18:08:16', '2024-07-16 18:08:16', NULL),
(200, 'Julie piscoya', NULL, NULL, 'julesp88@gmail.com', NULL, '$2y$10$pWRjwVfq7ZSDEh.DtaaLd.H2dDxv9Qma8g.m6D4AF7vcEX1btXyOy', '0', '0', NULL, '2024-07-16 19:40:44', '2024-07-16 19:45:59', NULL),
(201, 'Carina Evans', NULL, NULL, 'evans.carina@yahoo.com', NULL, '$2y$10$.dUG0sUSNbkMxOb3fNn6seLp.C/bs1OSe/PtWjUCCjC9BstymsIZG', '0', '0', NULL, '2024-07-16 22:48:51', '2024-07-16 22:48:51', NULL),
(202, 'Martin Garcia', NULL, NULL, 'garciagm3@gmail.com', NULL, '$2y$10$ZxBSa0lHSY6KYu9N7m.XFuCtuLpWnCLUgCMyOV6AIVnmZ5gYa/JYG', '0', '0', NULL, '2024-07-18 04:06:42', '2024-07-18 04:06:42', NULL),
(203, 'Justice', NULL, NULL, 'cruzjustice@gmail.com', NULL, '$2y$10$B8VUkGsQ/WAY7W051LD9suVF7Zvzo0ohg44tWKTW8.deghjUQpsz6', '0', '0', NULL, '2024-07-18 19:45:17', '2024-07-18 19:45:17', NULL),
(204, 'Genesis', NULL, NULL, 'genesisvelazquez1@gmail.com', NULL, '$2y$10$jhKlaWr2ickFjAP1iAhqo.sDyrwBm8nPA/mC7GVxEO2xP6CfBnYuC', '0', '0', NULL, '2024-07-19 23:12:02', '2024-07-19 23:12:02', NULL),
(205, 'Bessan', NULL, NULL, 'bessanabdelaziz@gmail.com', NULL, '$2y$10$vz3FsfXd71hGYvxNC/eBFuElDoVRmBtLbyEKpJblw/bjhC3AVZq1W', '0', '0', NULL, '2024-07-21 04:23:10', '2024-07-21 04:23:10', NULL),
(206, 'Victoria Wong', NULL, NULL, 'viciwong@hotmail.com', NULL, '$2y$10$0.OSA9z14btdDDIgLUK2rOYO9xSCc5kzr5WdbBDRs1fKbxvyiWsEe', '0', '0', NULL, '2024-07-22 03:41:31', '2024-07-22 03:41:31', NULL),
(207, 'Alex', NULL, NULL, 'alexander.ponte06@gmail.com', NULL, '$2y$10$SkVKteQJcNgRdf5XP6n3veGpMWQlFz77LSe7X9IuaxuLRcT4Z/gUK', '0', '0', NULL, '2024-07-22 03:53:31', '2024-07-22 03:53:31', NULL),
(208, 'Jennifer', NULL, NULL, 'j.collazo1231@gmail.com', NULL, '$2y$10$yvlcvtYpE1oZPHwq17vgL.SwyO6VHcWWOATuTAJdzsYJEgq9HGvEC', '0', '0', NULL, '2024-07-23 03:11:03', '2024-07-23 03:11:03', NULL),
(209, 'Jason Askew', NULL, NULL, 'jasonaskew75@gmail.com', NULL, '$2y$10$Ab90enualqYSHVJZEXJk4OyMEcafFg0IZf.fUvHXUlSJ8bAxsSSty', '0', '0', NULL, '2024-07-23 15:43:37', '2024-07-23 15:43:37', NULL),
(210, 'Adrien', NULL, NULL, 'adrienbeal725@icloud.com', NULL, '$2y$10$EOCXDSBnVazcSdhewf/WSudRANtVy38Zg8cUIO0WCWpdUhc1Bhjo6', '0', '0', NULL, '2024-07-23 17:40:18', '2024-07-23 17:40:18', NULL),
(211, 'KELVIN GOMEZ', NULL, NULL, 'gomezkelvin@gmail.com', NULL, '$2y$10$g8HXY3RelEWxzgzvQ2a7.O908.O0ccLSEK6E6dy8FWT8rGRL82ufO', '0', '0', NULL, '2024-07-24 21:19:53', '2024-07-24 21:19:53', NULL),
(212, 'ginelly', NULL, NULL, 'ginellydominguez1@gmail.com', NULL, '$2y$10$35hm47/Lql.IN5TJc3jlXe0R60DGECqTz2Ifqmznw5DNpSHDD5oJC', '0', '0', NULL, '2024-07-25 16:51:41', '2024-07-25 16:51:41', NULL),
(213, 'Josefina Pascal', NULL, NULL, 'josefinapascal@hotmail.com', NULL, '$2y$10$rt7KeX1EueyyBYvSsl7s4OIR0T2O7e6l5dBPslUsbu.u9SHGG7e9S', '0', '0', NULL, '2024-07-27 16:41:52', '2024-07-27 16:41:52', NULL),
(214, 'Safaa mikky', NULL, NULL, 'safa.mikky95@gmail.com', NULL, '$2y$10$jd9qiIjFbhQWf6dWVhQPje/MD4UgQqPPb1AliuxdAn9JUElvriyJ6', '0', '0', NULL, '2024-07-28 16:43:27', '2024-07-28 16:43:27', NULL),
(215, 'Michelle', NULL, NULL, 'mduran8604@yahoo.com', NULL, '$2y$10$y0N8sRIkbWlxpvuePCW5JesrUJy./UWCJiJJZq.p7IuwIO1VJi7x2', '0', '0', NULL, '2024-07-28 19:42:00', '2024-07-28 19:42:00', NULL),
(216, 'Keyry Ferreira', NULL, NULL, 'kferreira626@gmail.com', NULL, '$2y$10$FdCwm5Vyf15rpc0goWtI0uh1kdXv/7Ncd2E9EL3tNUWLN9a1VV23W', '0', '0', NULL, '2024-07-29 06:53:55', '2024-07-29 06:53:55', NULL),
(217, 'Soso Diri', NULL, NULL, 'sosodiri97@gmail.com', NULL, '$2y$10$RUhX94zMZoPCKKj6.lEG0eAAj.rz/GQ9.VH0iGtJQ3XS7JoZ1E8RC', '0', '0', NULL, '2024-07-29 16:39:34', '2024-07-29 16:39:34', NULL),
(218, 'Alicea', NULL, NULL, 'lecy89@gmail.com', NULL, '$2y$10$K0cDIDVRnBs0dto3bgB3hOZRuWNkL4/NyHFMJsxIo7/0RnYsvmk3m', '0', '0', NULL, '2024-07-29 16:54:02', '2024-07-29 16:54:02', NULL),
(219, 'William F', NULL, NULL, 'williamfairleyjr48@gmail.com', NULL, '$2y$10$OXiq3.GwKpkHXY8ljWmWYOyRuCPHc6WaJb2BqV16ASEisMKBna55u', '0', '0', NULL, '2024-07-29 20:51:26', '2024-07-29 21:09:18', NULL),
(220, 'Jennifer Ocampo', NULL, NULL, 'soccergirlforever16@gmail.com', NULL, '$2y$10$svAMnFIOJEnKgitKo.9aq.sJuljkTBzr416s9cL327jiv4CWt464S', '0', '0', NULL, '2024-07-29 22:32:51', '2024-07-29 22:32:51', NULL),
(221, 'Yahaira', NULL, NULL, 'ynova527@gmail.com', NULL, '$2y$10$mpydLKzPl79bJTf3hHsZ0.PsgqwQ05Hm4zYpaRJILOFWTwcnZQVdy', '0', '0', NULL, '2024-07-30 00:28:09', '2024-07-30 00:28:09', NULL),
(222, 'Cassandra', NULL, NULL, 'cassandrasheri4@gmail.com', NULL, '$2y$10$xe2A.ZsXfNhBuY40S3/PBu.L8pNTwQCUhn2JrVIockbsV6AKEC3He', '0', '0', NULL, '2024-08-01 17:42:19', '2024-08-01 17:42:19', NULL),
(223, 'jj', NULL, NULL, 'jjg81483@gmail.com', NULL, '$2y$10$i7JF/i6hlXyr.mTj1LseL.ewgIrSy3ma0Sug32HX8U.7zzzf6rJcC', '0', '0', NULL, '2024-08-02 00:29:11', '2024-08-06 16:45:38', NULL),
(224, 'Matthew Pister', NULL, NULL, 'pistermatthew@gmail.com', NULL, '$2y$10$xdXBfJXTBZnRVo.0EEokCuUNBGA/FPUa4kYOyM60DsgnqkX6u3Lga', '0', '0', NULL, '2024-08-04 19:27:48', '2024-08-04 19:27:48', NULL),
(225, 'Olivia', NULL, NULL, 'oliviaulczak@gmail.com', NULL, '$2y$10$HFFH97zNM6z2fA04noa43eyJdLiUvQDCuQ.cnHIe.vNOLnCIbR5tW', '0', '0', NULL, '2024-08-05 02:16:22', '2024-08-05 02:16:22', NULL),
(226, 'Anadelkis Castro', NULL, NULL, 'anadelkis.castro@icloud.com', NULL, '$2y$10$pVpX.Nl9HnhBZu5oFzHjUufoWp7K6JTXof/UBWeAMHDcwvEaNCDcO', '0', '0', NULL, '2024-08-06 00:24:57', '2024-08-06 00:24:57', NULL),
(227, 'Jesse R', NULL, NULL, 'jrodriguez2498@gmail.com', NULL, '$2y$10$aRSxWCZwpwhBJqp.q6WYO.bps7TWDWmEWRqcD8AX1hDd1pEhMkA3G', '0', '0', NULL, '2024-08-06 02:26:38', '2024-08-06 02:26:38', NULL),
(228, 'Mariah', NULL, NULL, 'mariiahhx33@gmail.com', NULL, '$2y$10$RNJeLhuqOCS6987MsttyMeFwjMGUzD1MUsGPD5QzZrGshg1.POtna', '0', '0', NULL, '2024-08-06 18:36:03', '2024-08-06 18:36:03', NULL),
(229, 'Melissa Jackson', NULL, NULL, 'mrsjack79@gmail.com', NULL, '$2y$10$Y1XJYUxBZZxhwpMZa3n86uYh7oEe6r1NcTFESFMlXzeurlSpTAOFO', '0', '0', NULL, '2024-08-06 22:24:39', '2024-08-06 22:24:39', NULL),
(230, 'Ayxa Roldan', NULL, NULL, 'ayxajessica@gmail.com', NULL, '$2y$10$xuZ629yioAJwaI5gad3HOunTAUkIPrNdXCyHiIlfAzY0.IKDrUjX2', '0', '0', NULL, '2024-08-08 03:12:57', '2024-08-08 03:12:57', NULL),
(231, 'Mildred rivera', NULL, NULL, 'mrivera6014@gmail.com', NULL, '$2y$10$7ij3eQSsujqDp6Zt6Kiv7uR7a2s5pitxNRHqo.BEGJfpMz8jRB/XG', '0', '0', NULL, '2024-08-10 03:44:06', '2024-08-10 03:44:06', NULL),
(232, 'Shaban', NULL, NULL, 'sabo2007@gmail.com', NULL, '$2y$10$ojouBOFTMVMEF2fa5seKZOLVpHmuSexJmYfcgktI5JgC8IeCRVS7e', '0', '0', NULL, '2024-08-12 01:40:28', '2024-08-12 01:40:28', NULL),
(233, 'Rafael Soriano', NULL, NULL, 'sorianor131@gmail.com', NULL, '$2y$10$NxxKnIyrpXf0vfdLST/5Z.tPExgLgjReRdrA.KaOenMjRTa3Xoixa', '0', '0', NULL, '2024-08-13 04:24:21', '2024-08-13 04:24:21', NULL),
(234, 'Stephanie', NULL, NULL, 'stephanie.antor@gmail.com', NULL, '$2y$10$FRAHYagw.YiUQV.oDv1mIuqF008AwnebBRzGtjtj.POJauB75PKQC', '0', '0', NULL, '2024-08-13 18:15:47', '2024-08-13 18:15:47', NULL),
(235, 'Franci', NULL, NULL, 'francim96@icloud.com', NULL, '$2y$10$9ge.yJKdtQVNYTr3EK/7/eX7IdDNgYBpD03TpJmk2XtWCFP8gTmlG', '0', '0', NULL, '2024-08-17 02:55:53', '2024-08-17 02:55:53', NULL),
(236, 'JC', NULL, NULL, 'jcviz202@gmail.com', NULL, '$2y$10$0.cqdMvdktOxyzf..W71vOh2Dn/qELNz0QtSO/Vms7wuP/oYkn/QK', '0', '0', NULL, '2024-08-17 03:16:19', '2024-08-17 03:16:19', NULL),
(237, 'Marcus Matos', NULL, NULL, 'mmatos322@gmail.com', NULL, '$2y$10$sH4H9hSYMtjkXucP2CdS/.qbqM5PwuqAfsNdH3VD9xb/ecj2chhay', '0', '0', NULL, '2024-08-19 15:52:08', '2024-08-19 15:52:08', NULL),
(238, 'Carlos Anavitate', NULL, NULL, 'c.anavitate574@gmail.com', NULL, '$2y$10$hQF/v3fY76JMbpZ2n.x/fOaRxO6PkoDEWgFjS17N6QB4LoRcaH.P6', '0', '0', NULL, '2024-08-21 19:34:19', '2024-08-21 19:34:19', NULL),
(239, 'Letitia', NULL, NULL, 'letty7147@yahoo.com', NULL, '$2y$10$zID08TehyAEEZ/kfzOkhBePIc1929Kycn/b9FLViFQHyje/uuSUuS', '0', '0', NULL, '2024-08-21 20:22:00', '2024-08-21 20:22:00', NULL),
(240, 'Jennifer', NULL, NULL, 'jen2903@icloud.com', NULL, '$2y$10$7zn0zpYdfwHsMHrKNt6Sv.DmDKJxCl6h7pE3VROYFQ9kF0h.mFMtS', '0', '0', NULL, '2024-08-22 01:40:01', '2024-08-22 01:40:01', NULL),
(241, 'katherine paz', NULL, NULL, 'katherinepazgodoy@icloud.com', NULL, '$2y$10$58oRGtUzeTHSkOXOZvxTue0MEQDLYvSFiVN0B.13SOSMMN08se9iq', '0', '0', NULL, '2024-08-22 05:10:03', '2024-08-22 05:10:03', NULL),
(242, 'Andrew Baldwin', NULL, NULL, 'andrewbaldwin360@gmail.com', NULL, '$2y$10$YD3EyVMWw2NtbvTBumSRj.v7ryZMD4mCci.yjJ42NC7woG3UZzbXm', '0', '0', NULL, '2024-08-23 02:00:49', '2024-08-23 02:00:49', NULL),
(243, 'Donte Robinson', NULL, NULL, 'donte_robinson96@yahoo.com', NULL, '$2y$10$9u97rNqDdkb8PMjJHhOq9e7cpXlau/cyeQt/nLYuRBGL11aV6kb3y', '0', '0', NULL, '2024-08-23 16:45:40', '2024-08-23 16:45:40', NULL),
(244, 'Faizon', NULL, NULL, 'faizonjackson6@gmail.com', NULL, '$2y$10$Cjq4yDd4NgCtBW5bmIZ4au4AYsX511bjWF.lmf7ozapiXqTWd6EEK', '0', '0', NULL, '2024-08-26 06:35:34', '2024-08-26 06:35:34', NULL),
(245, 'Karla', NULL, NULL, 'karla.ramirez92@yahoo.com', NULL, '$2y$10$/.UWnAqz9HFIxjKE3Oz2AOKYW.mNco16rfe6bv7gVbTiSjTKQOPh.', '0', '0', NULL, '2024-08-27 06:41:20', '2024-08-27 06:41:20', NULL),
(246, 'L I Z', NULL, NULL, 'farialis@yahoo.com', NULL, '$2y$10$idDNv.c65nLggbCgI.j37.z4oxlJgokKtl0MPebxg0nctG147lLE.', '0', '0', NULL, '2024-08-28 16:15:47', '2024-08-28 16:15:47', NULL),
(247, 'Alexis Ahumada', NULL, NULL, 'ahumada727@gmail.com', NULL, '$2y$10$8piHzsLjyPA0yFPwtFZ7uuTNQTbSAR5V0g9ILGAGG5WrKFUdlEafC', '0', '0', NULL, '2024-08-29 20:29:43', '2024-08-29 20:29:43', NULL),
(248, 'Shaban El Helou', NULL, NULL, 'shaban.elhelou@gmail.com', NULL, '$2y$10$DQUjiRSl94VlmCdZilLtQOm.C4cTREV/hzswrzaWlU/yfureOZ32m', '0', '0', NULL, '2024-09-01 03:07:15', '2024-09-01 03:07:15', NULL),
(249, 'Beatriz Mendoza', NULL, NULL, 'mend.beatriz@gmail.con', NULL, '$2y$10$5hVJpAEOaYGtcZ8k6vWeGeYL7vcqhI/yFu72Qut1RiEiRBlM.V5hi', '0', '0', NULL, '2024-09-01 19:47:43', '2024-09-01 19:47:43', NULL),
(250, 'Maylina', NULL, NULL, 'maylina.blessing@yahoo.com', NULL, '$2y$10$xwp08Do8JwFjj6FF2NYvzeo9J7Q9OldeyRuHIDsgRrUbKNymlr172', '0', '0', NULL, '2024-09-02 20:59:30', '2024-09-02 20:59:30', NULL),
(251, 'Zein Aljabri', NULL, NULL, 'zeinaljabri04@gmail.com', NULL, '$2y$10$TCiO060UUrqRtYhx8LGc6uOedZ9XDTWWGJhekMJSe/fo3KkyBUZK.', '0', '0', NULL, '2024-09-03 07:19:19', '2024-09-03 07:19:19', NULL),
(252, 'Louis Oneal', NULL, NULL, 'louisoneal1980@yahoo.com', NULL, '$2y$10$DmFJ6S5hZM5mlfZk4QwM7OLYJS6criQVwANW2myV3x34PR.OJHn1W', '0', '0', NULL, '2024-09-04 04:12:47', '2024-09-04 04:12:47', NULL),
(253, 'Dexter', NULL, NULL, 'Mrdexterthomas@yahoo.com', NULL, '$2y$10$bqDERSqKsIEy8qSN59sYfOKgOY0x8nL7hWTJ0EO8UNMCWyVEbkyqq', '0', '0', NULL, '2024-09-05 03:17:48', '2024-09-05 03:17:48', NULL),
(254, 'Malik Lewis', NULL, NULL, 'avenger1259@gmail.com', NULL, '$2y$10$vkGbpxuFg4bkM6QVaRn8DeN0L6I9X7L2RNcR5L.MZ9WuE0R0e1ouW', '0', '0', NULL, '2024-09-08 00:36:13', '2024-09-08 00:36:13', NULL),
(255, 'Natalie', NULL, NULL, 'educ8tor8@gmail.com', NULL, '$2y$10$oqk.3j36dqhlNYnJMzEkieH/Vru7QC4.lraTV70c8jHc5jgXP0Ify', '0', '0', NULL, '2024-09-08 17:33:05', '2024-09-08 17:33:05', NULL),
(256, 'Jessica  Galarza', NULL, NULL, 'mrs.boria11@gmail.com', NULL, '$2y$10$3/VQIGAP3UzecT.M1jwe5OXr4OI.HIMXlg/FFC8r5NuB1tfhWffl6', '0', '0', NULL, '2024-09-09 03:48:02', '2024-09-09 19:55:54', NULL),
(257, 'Ashley Peay', NULL, NULL, 'apeay88@yahoo.com', NULL, '$2y$10$JM5/c.axi5gKfH7wVYgM3.hxIy7.mRuF9B6hzleaK6wAxU6AeOvVm', '0', '0', NULL, '2024-09-09 18:21:47', '2024-09-09 18:21:47', NULL),
(258, 'Drew Holt', NULL, NULL, 'drewcarti300@gmail.com', NULL, '$2y$10$cTIXp8SmCRo.8Tk5hdzktOyuMhoe6vIQH.5v9/X2fVmXn93f1CqkW', '0', '0', NULL, '2024-09-12 05:43:31', '2024-09-12 05:43:31', NULL),
(259, 'Samantha', NULL, NULL, 'samantha.p.rehm@gmail.com', NULL, '$2y$10$70Yfo6Xc5K/U3mbE1P3xWOEEeoUr2Uebz/5KFDB.i3xGyUQX85YSu', '0', '0', NULL, '2024-09-15 18:01:52', '2024-09-15 18:01:52', NULL),
(260, 'Andrea Rathjens', NULL, NULL, 'andrearathjens@gmail.com', NULL, '$2y$10$v.gUuA7WQ9h.50t/CLYjBOg.gheze7nuOW4cZJ2AUqX35YPlksoSS', '0', '0', NULL, '2024-09-16 16:37:43', '2024-09-16 16:37:43', NULL),
(261, 'John', NULL, NULL, 'Johnes99@gmail.com', NULL, '$2y$10$qNMLEuw5NUJUrQuz8DNTo.Kd2nlqHG32r.uO5VBi6QhihDxxM62Sq', '0', '0', NULL, '2024-09-17 02:15:43', '2024-09-17 02:15:43', NULL),
(262, 'Shara', NULL, NULL, 'pamstealteapot@gmail.com', NULL, '$2y$10$dC10IEqzpbS9paRC3z.6lOdqZ8K//WxnTCk0OC18OELZWoFxcIowm', '0', '0', NULL, '2024-09-17 13:35:04', '2024-09-17 13:35:04', NULL),
(263, 'Desarie McMillan', NULL, NULL, 'desariemcmillan@gmail.com', NULL, '$2y$10$Er695v6Pmcw1iz0.M.K1BeqPmjzCiMnZx//.OoMpXt85kJLn6HDoa', '0', '0', NULL, '2024-09-17 20:19:01', '2024-10-25 20:29:52', NULL);
INSERT INTO `users` (`id`, `name`, `first_name`, `last_name`, `email`, `image`, `password`, `is_active`, `status`, `point`, `created_at`, `updated_at`, `fcmtoken`) VALUES
(264, 'Jessica', NULL, NULL, 'jess.spine@gmail.com', NULL, '$2y$10$3EkmrPXrDCuexkpcBdD64O9gm7NpUEBjHJK7ELNjoIoKrfu2pd1pq', '0', '0', NULL, '2024-09-18 19:47:40', '2024-09-18 19:47:40', NULL),
(265, 'Jose Tepale', NULL, NULL, 'josespsn10@gmail.com', NULL, '$2y$10$qiCFOjHek.HmkCG4NE9t1eftar5Wwfg9QruarsWc5jTrVgVRtNMOi', '0', '0', NULL, '2024-09-20 18:32:18', '2024-09-20 18:32:18', NULL),
(266, 'Carolyn', NULL, NULL, 'sosomiekhail@hotmail.com', NULL, '$2y$10$oCxGMMqSrebX4h/pKXM6r.ntg7M0qKHair8KCnIV2UpN5nwbZGixC', '0', '0', NULL, '2024-09-21 02:32:33', '2024-09-21 02:32:33', NULL),
(267, 'Angel', NULL, NULL, 'angel.barrero.1@gmail.com', NULL, '$2y$10$NSg/YtuoQ1bJgrHOFLYDiOYCqxcYgCRW4MBZ32NcUPDZJ0YPSoyT.', '0', '0', NULL, '2024-09-23 20:50:09', '2024-09-23 20:50:09', NULL),
(268, 'Victoria', NULL, NULL, 'tori@ebarris.com', NULL, '$2y$10$CIL/V/7HZwp4P/JGNa4BGuVFfPToPng6v7AdzOEkDbArJnpcqAL0C', '0', '0', NULL, '2024-09-24 17:34:39', '2024-09-24 17:42:49', NULL),
(269, 'Karina', NULL, NULL, 'nanytalay79@hotmai.com', NULL, '$2y$10$6XOKCA4RIj91wUgK3XelWesx5VvZTApqtRHBJg8QarzR8EtXXUoAa', '0', '0', NULL, '2024-09-26 03:45:30', '2024-09-26 03:45:30', NULL),
(270, 'Jaz', NULL, NULL, 'jmyqs2023@gmail.com', NULL, '$2y$10$Klq4Fdsi7JIDZ7Yo2l5Xq.kFZzkQsYNnKpnU4SXnTOj2qumHxH/tu', '0', '0', NULL, '2024-09-27 23:52:21', '2024-09-27 23:52:21', NULL),
(271, 'Manuel perez', NULL, NULL, 'manuelperezwrx@gmail.com', NULL, '$2y$10$Vc/WEp2HmaemIXNxrPVbDeF1A/rANTdL6e1uNqMVibtYLpeec2G9G', '0', '0', NULL, '2024-09-28 18:39:21', '2024-09-28 18:39:21', NULL),
(272, 'J Ortiz', NULL, NULL, 'j.alexortiz312@gmail.com', NULL, '$2y$10$x2EuFpIg6PrXOEJqxW67z.nfa69uEyZZxMUt/fJRRxc5zQt1BTqu.', '0', '0', NULL, '2024-09-29 19:00:52', '2024-09-29 19:00:52', NULL),
(273, 'Jonathan Santiago', NULL, NULL, 'jsantiago1548@gmail.com', NULL, '$2y$10$zwQhjBlogBvLblmhecwLqeJEJH0klNjRalhHpU4gPYCDlz24nLG1i', '0', '0', NULL, '2024-09-29 21:14:05', '2024-10-15 21:28:28', NULL),
(274, 'Ramona', NULL, NULL, 'monayace25@gmail.com', NULL, '$2y$10$fbuvp90FWOQfzjPr0YXLKe7bTbDo3eF2sqmpJANPfskZ1Xkfaegb6', '0', '0', NULL, '2024-10-01 19:41:12', '2024-10-01 19:41:12', NULL),
(275, 'Daniela caro', NULL, NULL, 'carodani11@gmail.com', NULL, '$2y$10$0vxAkN/NLe3CuZBHtnrHPeIFmUjJld7iprqR/i605CB.sjdQ5he3y', '0', '0', NULL, '2024-10-02 05:47:34', '2024-10-02 05:47:34', NULL),
(276, 'Alex Oviedo', NULL, NULL, 'oviedoalex08@gmail.com', NULL, '$2y$10$G17RvS0Ld9GDtiX8tvZ/j.mT3FmiAnNxJMkxD.O8L7UdgGnzPjuCu', '0', '0', NULL, '2024-10-05 06:26:29', '2024-10-05 06:26:29', NULL),
(277, 'Kat', NULL, NULL, 'kathyhx3@gmail.com', NULL, '$2y$10$rVt.jUry/EclQ3ecdpzlmuHSzwUDO9NqiK0tnZUcqC/CiWZKwsHCS', '0', '0', NULL, '2024-10-07 22:19:18', '2024-10-07 22:19:18', NULL),
(278, 'Liz', NULL, NULL, 'lrm848@hmail.com', NULL, '$2y$10$w0dnCONfLvRI6tWxT2B2PuvA5Ex6fCWCG5LMRzQvlxP0NNbKAybs6', '0', '0', NULL, '2024-10-08 17:47:00', '2024-10-08 17:47:00', NULL),
(279, 'Angela', NULL, NULL, 'Amsterdamnation01@gmail.com', NULL, '$2y$10$ltXWCM2eYp1fcubv27txWuuyrv84B7L.f6J1d./XBmYa09UpqHopy', '0', '0', NULL, '2024-10-09 08:13:33', '2024-10-09 08:13:33', NULL),
(280, 'Celine Sainvil', NULL, NULL, 'ccecejojo@aol.com', NULL, '$2y$10$wnzI25mRSgb83/cKHtq/N.uju6v.0VV0AGv1KVs8tUOFV7qgVkCxS', '0', '0', NULL, '2024-10-09 16:41:56', '2024-10-09 16:41:56', NULL),
(281, 'Luis Collazo', NULL, NULL, 'lcollazo86@icloud.com', NULL, '$2y$10$u73c5XnIeNkwbq2X4VlVpuzsyrAyrOz6xvFTezSwEY542JxS0yPpy', '0', '0', NULL, '2024-10-10 18:48:31', '2024-10-10 18:48:31', NULL),
(282, 'Keysha Zurita', NULL, NULL, 'Zuritakeysha11@gmail.com', NULL, '$2y$10$hwA0A0Fa2rHVVc8gz6WF2u6S5hvmjQoNDoHO9Hlorlxxl1HaVj/KG', '0', '0', NULL, '2024-10-12 20:18:27', '2024-10-12 20:18:27', NULL),
(283, 'Kashif', NULL, NULL, 'kashifalston@icloud.com', NULL, '$2y$10$2cTL0745f4tnqd9xfbAAduQtmm8FnALpl0hHHJFjYp4y4f1ngBKAq', '0', '0', NULL, '2024-10-14 18:54:19', '2024-10-14 18:54:19', NULL),
(284, 'Miguel Webster', NULL, NULL, 'Mortals321@gmail.com', NULL, '$2y$10$r4ptiqKd27U6zuAFW.8OHuQ4cHyKYamJzha0KDNSLVxoBuz/X8452', '0', '0', NULL, '2024-10-16 15:35:10', '2024-10-16 15:35:10', NULL),
(285, 'Jerusha Davis', NULL, NULL, 'jerushadavis9@gmail.com', NULL, '$2y$10$EQV/wViSBgmvpqQYbm.I6OrxkXNnt9fmrPkxfgWlGXdjsFx0xtm/S', '0', '0', NULL, '2024-10-17 22:37:59', '2024-10-17 22:37:59', NULL),
(286, 'Rosa', NULL, NULL, 'rosaencarnacion98@icloud.com', NULL, '$2y$10$H0DGdU3PcJHcdPq1wvJePeAyIu.bGth0JrMCw9U..l9oQ4RsLR4Ma', '0', '0', NULL, '2024-10-18 03:19:33', '2024-10-18 03:19:33', NULL),
(287, 'jaylene', NULL, NULL, 'jaylenebgonzalez14@gmail.com', NULL, '$2y$10$8Qz4jWZiXu3uFwQrTvDtH.eTbtxtBhceEfOzm.6uXgOpmJ10WfJWq', '0', '0', NULL, '2024-10-21 21:11:03', '2024-10-21 21:11:03', NULL),
(288, 'Paloma grullon', NULL, NULL, 'gs_paloma@hotmail.com', NULL, '$2y$10$GX3yZnzDvjP5lnPX0ika6.nP/fUoRcR.Mj5f5V4P3meossPM03ITW', '0', '0', NULL, '2024-10-23 01:48:24', '2024-10-23 01:48:24', NULL),
(289, 'Frank swiencki', NULL, NULL, 'fswiencki@yahoo.com', NULL, '$2y$10$ORQUK6oNTHzNdeMTxyWzS.NeS2.yplUvFpfNUmYEFDpXyvCeBn.YC', '0', '0', NULL, '2024-10-25 15:00:18', '2024-10-25 15:00:18', NULL),
(290, 'Clara', NULL, NULL, 'Calvalles6869@gmail.com', NULL, '$2y$10$CJ4slqxplP//xV.bSwPknuWaN7AXr9XR3ibQRnewz4x199yBLVkf.', '0', '0', NULL, '2024-10-25 17:22:32', '2024-10-25 17:22:32', NULL),
(291, 'Heba', NULL, NULL, 'heba1292@gmail.com', NULL, '$2y$10$/i2XSh0ibBS8qBrtlnYPiuTq0Y1ow1K6kGq9KWX3Bg0nZ2ZJdfrk.', '0', '0', NULL, '2024-10-27 04:02:10', '2024-10-27 04:02:10', NULL),
(292, 'Stephanie', NULL, NULL, 'conchita2015.se@gmail.com', NULL, '$2y$10$tqvDJ2g9bTHuGFX87QpuA.CYuTmPF57H64yQxYtdGMvt1ZL1L71nO', '0', '0', NULL, '2024-10-27 19:21:49', '2024-10-27 19:21:49', NULL),
(293, 'Es Stephon', NULL, NULL, 'Stephy.carroyo16@gmail.com', NULL, '$2y$10$npVIsK2.tMyTp0SHgSkW4.tcQRXGFCKUBdbW0sEoVrGCbrZNFKPNG', '0', '0', NULL, '2024-10-30 00:51:31', '2024-10-30 00:51:31', NULL),
(294, 'Mildred rivera', NULL, NULL, 'mrivera6024@gmail.com', NULL, '$2y$10$z3cifgeeCq2nj0uEcSFu1.aj6G/X/YV6Wlff6QH/2KpxOrPjGsRoa', '0', '0', NULL, '2024-10-30 03:04:15', '2024-10-30 03:04:15', NULL),
(295, 'Tarek', NULL, NULL, 'tbargotti@gmail.com', NULL, '$2y$10$ND/iiWG.Ea7mtCdNZakpd.W3Ob4zCgctcaKrp/MEsxDHnyXcn96ti', '0', '0', NULL, '2024-10-31 22:18:12', '2024-10-31 22:18:12', NULL),
(296, 'Brian Davidson', NULL, NULL, 'brian8084@gmail.com', NULL, '$2y$10$C67sLEXF.S5bkJ.Yo/mmhecQ/go3dDg55xkJT3cNpxz2c0gbnS3sK', '0', '0', NULL, '2024-11-02 01:38:23', '2024-11-02 01:38:23', NULL),
(297, 'Junior', NULL, NULL, 'Junior.bravo1196@yahoo.com', NULL, '$2y$10$GCmVNB2uITFKn0e9x004geZduvA9zFdcmAMeV0g9w6mPWvRw2Qh2G', '0', '0', NULL, '2024-11-08 08:33:25', '2024-11-08 08:33:25', NULL),
(298, 'Devon Augustin', NULL, NULL, 'devon.augustin@gmail.com', NULL, '$2y$10$7LQ77UudxOS/pTzqeURZu.CoYuNinkgwCkAtvATCo02QT9zFCUTKy', '0', '0', NULL, '2024-11-08 16:43:11', '2024-11-08 16:43:11', NULL),
(299, 'Nadine', NULL, NULL, 'nadinewilmot@yahoo.com', NULL, '$2y$10$6diegytPrZAtxXspkOp7ZeytrASAUH1YyN6yTU6E5MfLnC6bxipXm', '0', '0', NULL, '2024-11-10 19:10:19', '2024-11-10 19:10:19', NULL),
(300, 'Kayla walters', NULL, NULL, 'k.walters233@gmail.com', NULL, '$2y$10$/EzDp7jiY8Albwza0y34ZOPHEEnJ0r4OTmVLqNxgHMKVO64ghPKei', '0', '0', NULL, '2024-11-12 04:41:07', '2024-11-12 04:41:44', NULL),
(301, 'Victor Lumpkin', NULL, NULL, 'vrlumpkin88@gmail.com', NULL, '$2y$10$mnwGkfS55alcW34TbQkZuOsX09KX1mGkpnSOg7fIPdtFUWeVt5tJy', '0', '0', NULL, '2024-11-14 19:15:51', '2024-11-14 19:15:51', NULL),
(302, 'Bernard  Hamilton', NULL, NULL, 'bernardham18@gmail.com', NULL, '$2y$10$sftpGs3uEl3z3Tu.P6cLoOSX7QbOXxePvs8xTvZpjtd28atOYzIlq', '0', '0', NULL, '2024-11-16 18:57:33', '2024-11-16 18:57:33', NULL),
(303, 'Leyds', NULL, NULL, 'bebe99pokeboy92@aol.com', NULL, '$2y$10$thVBtHwBWrNG2T26Vycqyuz9C5MCiFc95G62Bgr/pf.cFlq3voWEy', '0', '0', NULL, '2024-11-18 19:31:50', '2024-11-18 19:31:50', NULL),
(304, 'Beatriz Mendoza', NULL, NULL, 'mend.beatriz@gmail.com', NULL, '$2y$10$oLrtW06h/ox7IY8iJonsROIQk7sIBB7AAd.VEfaOzeerIRAwhKeNi', '0', '0', NULL, '2024-11-22 19:13:19', '2024-11-22 19:13:19', NULL),
(305, 'Timothy', NULL, NULL, 'timothyhoedemaker@gmail.com', NULL, '$2y$10$eJcMlHpB5RovAdN.FHCNeexJ7jGCpl3vpL8rkZgFy01Fx2dxXf9TS', '0', '0', NULL, '2024-11-23 19:27:48', '2024-11-23 19:27:48', NULL),
(306, 'Regina Waller Meyers', NULL, NULL, 'gnamey56@gmail.com', NULL, '$2y$10$R4yYJByNDNQKSUmF7evzBe2yqZdyaiNHzCBxVzc8lE0ZIv4zy9jJe', '0', '0', NULL, '2024-11-24 21:28:08', '2024-11-24 21:28:08', NULL),
(307, 'Jennifer Rebollar', NULL, NULL, 'rebollarje@gmail.com', NULL, '$2y$10$WHnH6BvhoNe1xIFiadnctuidxqqt.ExmBvyWCLYumibFfnps7W9zi', '0', '0', NULL, '2024-12-03 18:56:37', '2024-12-03 18:56:37', NULL),
(308, 'Karen', NULL, NULL, 'Karenbrock7@aol.com', NULL, '$2y$10$gSW8t6kzNAnWO2aoEV6LHOYJPBVWb.VrLbWQlixSWEUcS9oNAMOdq', '0', '0', NULL, '2024-12-05 03:11:22', '2024-12-05 03:11:22', NULL),
(309, 'Cynthia Barrett', NULL, NULL, 'cbarrett@paterson.k12.nj.us', NULL, '$2y$10$5mOXzwVTf3kJoBlm86zaQe8NU708E7YWWJRlw5k2.UNr9UCyv2Vla', '0', '0', NULL, '2024-12-06 23:12:04', '2024-12-06 23:12:04', NULL),
(310, 'Martin Vergara', NULL, NULL, 'mvergara@alumni.nd.edu', NULL, '$2y$10$tlWk6fLQrLmsVlxtySqYPOFYBw1ilJSVLoVoxXH6xCiR8T8mK/Egu', '0', '0', NULL, '2024-12-08 22:46:33', '2024-12-08 22:46:33', NULL),
(311, 'Cynthia', NULL, NULL, 'cynthiad.longley@gmail.com', NULL, '$2y$10$dh1J9eqas1zyFI1dGjDyTOgBGCmDIJMcUTWz6.RFIn7nNY.d.wYgS', '0', '0', NULL, '2024-12-09 21:55:12', '2024-12-09 21:55:12', NULL),
(312, 'Angel zamudio', NULL, NULL, 'angelzamudio7@icloud.com', NULL, '$2y$10$Ue8RyZ9sp8C3eCUm6SJEy.BDz0qT4I03PgSiQ4Fc/jC5tGv3PSVcS', '0', '0', NULL, '2024-12-10 07:04:32', '2024-12-10 07:04:32', NULL),
(313, 'Kaneshia Green', NULL, NULL, 'kaneshiagreen406@hotmail.com', NULL, '$2y$10$fMnpJ.O.zWh.j4xMp5CmEulGUfIYUa/FenvabrHbzWu4fEroRbdIe', '0', '0', NULL, '2024-12-10 07:26:13', '2024-12-10 07:26:13', NULL),
(314, 'Junaid Hassan', NULL, NULL, 'junaidhassanjk1216@gmail.com', NULL, '$2y$10$t17E3rvNDFB7gvYLIou1euIk53bez0BlbvZ/2kR8R6qZ2WOZVBBSG', '0', '0', NULL, '2025-10-23 07:56:19', '2025-10-23 07:56:19', NULL),
(315, 'Asfand', NULL, NULL, 'asfand.ranglerz@gmail.com', NULL, '$2y$10$pzLVn1f5VvW2QAiw3gT/hOq.TrTGpqHkSeyJKSfi8FyNziRp86Dda', '0', '0', NULL, '2025-10-23 10:06:41', '2025-10-23 10:06:41', NULL);

-- --------------------------------------------------------

--
-- Table structure for table `user_time_slotes`
--

CREATE TABLE `user_time_slotes` (
  `id` bigint(20) UNSIGNED NOT NULL,
  `user_id` bigint(20) UNSIGNED DEFAULT NULL,
  `time` varchar(255) DEFAULT NULL,
  `date` varchar(255) DEFAULT NULL,
  `created_at` timestamp NULL DEFAULT NULL,
  `updated_at` timestamp NULL DEFAULT NULL
) ENGINE=InnoDB DEFAULT CHARSET=utf8mb4 COLLATE=utf8mb4_unicode_ci;

--
-- Dumping data for table `user_time_slotes`
--

INSERT INTO `user_time_slotes` (`id`, `user_id`, `time`, `date`, `created_at`, `updated_at`) VALUES
(3, 1, '01:30 PM', NULL, '2023-12-31 10:22:13', '2024-03-06 18:08:55'),
(12, 18, '12:00 PM', NULL, '2024-02-08 23:44:11', '2024-02-08 23:45:00'),
(14, 52, '12:15 PM', '2024-03-26', '2024-03-26 03:56:47', '2024-03-26 03:56:47'),
(15, 5, '05:30 PM', NULL, '2024-03-26 08:51:15', '2024-03-26 08:51:15'),
(16, 53, '02:30 PM', NULL, '2024-03-30 22:17:12', '2024-03-30 22:17:12'),
(17, 42, '12:30 PM', NULL, '2024-04-02 11:43:41', '2024-04-02 12:29:27'),
(18, 62, '12:00 PM', NULL, '2024-04-10 19:50:52', '2024-04-10 19:50:52'),
(19, 88, '04:00 PM', NULL, '2024-04-24 23:33:53', '2024-04-24 23:33:53'),
(20, 98, '01:15 PM', NULL, '2024-04-30 21:06:11', '2024-04-30 21:06:11'),
(21, 102, '06:00 AM', NULL, '2024-05-04 01:16:28', '2024-05-04 01:16:28'),
(22, 140, '05:45 PM', NULL, '2024-06-04 01:34:59', '2024-06-04 01:34:59'),
(23, 22, '07:00 AM', NULL, '2024-06-11 17:45:06', '2024-06-11 17:45:06'),
(24, 146, '11:15 AM', NULL, '2024-06-11 19:04:43', '2024-06-11 19:04:43'),
(25, 170, '12:30 PM', NULL, '2024-06-23 20:29:31', '2024-06-23 20:29:31'),
(26, 127, '08:30 PM', NULL, '2024-07-03 18:13:56', '2024-07-11 04:12:05'),
(27, 187, '02:30 PM', NULL, '2024-07-09 22:26:04', '2024-07-09 22:26:04'),
(28, 190, '12:00 PM', NULL, '2024-07-10 07:00:35', '2024-07-12 19:56:38'),
(29, 136, '07:00 PM', NULL, '2024-07-11 02:48:17', '2024-07-11 02:48:17'),
(30, 196, '08:45 AM', NULL, '2024-07-14 15:28:06', '2024-07-14 15:28:06'),
(31, 164, '03:00 PM', NULL, '2024-07-14 16:04:34', '2024-09-12 22:49:32'),
(32, 203, '12:00 PM', NULL, '2024-07-18 19:47:28', '2024-07-18 19:47:28'),
(33, 106, '02:45 PM', '2024-08-14', '2024-07-21 21:20:34', '2024-08-14 22:33:11'),
(34, 212, '02:30 PM', NULL, '2024-07-25 16:53:30', '2024-07-25 16:53:30'),
(35, 219, '01:30 PM', NULL, '2024-07-29 20:58:54', '2024-07-29 21:09:40'),
(36, 218, '07:45 AM', NULL, '2024-08-02 15:23:12', '2024-08-02 15:23:12'),
(37, 226, '04:45 PM', NULL, '2024-08-06 00:27:36', '2024-08-06 00:27:36'),
(38, 223, '09:00 AM', NULL, '2024-08-06 16:45:58', '2024-08-06 16:46:19'),
(39, 232, '07:30 PM', NULL, '2024-08-12 01:52:38', '2024-08-12 01:52:38'),
(40, 234, '11:45 AM', NULL, '2024-08-13 18:38:33', '2024-08-13 18:38:33'),
(41, 250, '11:15 AM', NULL, '2024-09-10 18:49:09', '2024-09-10 18:49:09'),
(42, 268, '10:45 AM', NULL, '2024-09-24 18:20:35', '2024-09-24 18:20:35'),
(43, 254, '07:30 PM', NULL, '2024-09-26 02:56:40', '2024-09-26 02:56:40'),
(44, 59, '12:15 PM', NULL, '2024-10-04 19:45:38', '2024-10-04 19:45:38'),
(45, 288, '06:00 PM', NULL, '2024-10-23 01:50:21', '2024-10-23 01:50:21'),
(46, 289, '07:15 AM', NULL, '2024-10-25 15:01:21', '2024-10-25 15:01:21'),
(47, 291, '08:15 PM', NULL, '2024-10-27 04:06:03', '2024-10-27 04:06:03'),
(48, 292, '12:00 PM', NULL, '2024-10-27 19:25:42', '2024-10-27 19:25:42'),
(49, 298, '07:00 AM', NULL, '2024-11-08 16:47:38', '2024-11-08 16:47:38'),
(50, 141, '08:30 AM', NULL, '2024-11-19 17:30:25', '2024-11-19 17:30:25');

--
-- Indexes for dumped tables
--

--
-- Indexes for table `abouts`
--
ALTER TABLE `abouts`
  ADD PRIMARY KEY (`id`);

--
-- Indexes for table `admins`
--
ALTER TABLE `admins`
  ADD PRIMARY KEY (`id`),
  ADD UNIQUE KEY `admins_email_unique` (`email`);

--
-- Indexes for table `branches`
--
ALTER TABLE `branches`
  ADD PRIMARY KEY (`id`);

--
-- Indexes for table `categories`
--
ALTER TABLE `categories`
  ADD PRIMARY KEY (`id`);

--
-- Indexes for table `category_toppings`
--
ALTER TABLE `category_toppings`
  ADD PRIMARY KEY (`id`),
  ADD KEY `category_toppings_category_id_foreign` (`category_id`),
  ADD KEY `category_toppings_topping_id_foreign` (`topping_id`);

--
-- Indexes for table `faqs`
--
ALTER TABLE `faqs`
  ADD PRIMARY KEY (`id`);

--
-- Indexes for table `galleries`
--
ALTER TABLE `galleries`
  ADD PRIMARY KEY (`id`);

--
-- Indexes for table `menus`
--
ALTER TABLE `menus`
  ADD PRIMARY KEY (`id`);

--
-- Indexes for table `menu_galleries`
--
ALTER TABLE `menu_galleries`
  ADD PRIMARY KEY (`id`);

--
-- Indexes for table `migrations`
--
ALTER TABLE `migrations`
  ADD PRIMARY KEY (`id`);

--
-- Indexes for table `orders`
--
ALTER TABLE `orders`
  ADD PRIMARY KEY (`id`),
  ADD KEY `orders_user_id_foreign` (`user_id`);

--
-- Indexes for table `order_addresses`
--
ALTER TABLE `order_addresses`
  ADD PRIMARY KEY (`id`),
  ADD UNIQUE KEY `order_addresses_email_unique` (`email`),
  ADD KEY `order_addresses_order_id_foreign` (`order_id`);

--
-- Indexes for table `order_items`
--
ALTER TABLE `order_items`
  ADD PRIMARY KEY (`id`),
  ADD KEY `order_items_order_id_foreign` (`order_id`),
  ADD KEY `order_items_product_id_foreign` (`product_id`),
  ADD KEY `order_items_branch_id_foreign` (`branch_id`);

--
-- Indexes for table `order_item_toppings`
--
ALTER TABLE `order_item_toppings`
  ADD PRIMARY KEY (`id`),
  ADD KEY `order_item_toppings_order_item_id_foreign` (`order_item_id`),
  ADD KEY `order_item_toppings_topping_id_foreign` (`topping_id`),
  ADD KEY `order_item_toppings_category_id_foreign` (`category_id`);

--
-- Indexes for table `password_resets`
--
ALTER TABLE `password_resets`
  ADD KEY `password_resets_email_index` (`email`);

--
-- Indexes for table `personal_access_tokens`
--
ALTER TABLE `personal_access_tokens`
  ADD PRIMARY KEY (`id`),
  ADD UNIQUE KEY `personal_access_tokens_token_unique` (`token`),
  ADD KEY `personal_access_tokens_tokenable_type_tokenable_id_index` (`tokenable_type`,`tokenable_id`);

--
-- Indexes for table `privacy_policies`
--
ALTER TABLE `privacy_policies`
  ADD PRIMARY KEY (`id`);

--
-- Indexes for table `products`
--
ALTER TABLE `products`
  ADD PRIMARY KEY (`id`),
  ADD KEY `products_menu_id_foreign` (`menu_id`);

--
-- Indexes for table `product_variants`
--
ALTER TABLE `product_variants`
  ADD PRIMARY KEY (`id`),
  ADD KEY `product_variants_product_id_foreign` (`product_id`);

--
-- Indexes for table `rewards`
--
ALTER TABLE `rewards`
  ADD PRIMARY KEY (`id`),
  ADD KEY `rewards_user_id_foreign` (`user_id`);

--
-- Indexes for table `schedules`
--
ALTER TABLE `schedules`
  ADD PRIMARY KEY (`id`),
  ADD KEY `schedules_branch_id_foreign` (`branch_id`);

--
-- Indexes for table `seamosses`
--
ALTER TABLE `seamosses`
  ADD PRIMARY KEY (`id`);

--
-- Indexes for table `term_conditions`
--
ALTER TABLE `term_conditions`
  ADD PRIMARY KEY (`id`);

--
-- Indexes for table `time_slots`
--
ALTER TABLE `time_slots`
  ADD PRIMARY KEY (`id`);

--
-- Indexes for table `toppings`
--
ALTER TABLE `toppings`
  ADD PRIMARY KEY (`id`);

--
-- Indexes for table `topping_products`
--
ALTER TABLE `topping_products`
  ADD PRIMARY KEY (`id`),
  ADD KEY `topping_products_product_id_foreign` (`product_id`),
  ADD KEY `topping_products_category_id_foreign` (`category_id`);

--
-- Indexes for table `users`
--
ALTER TABLE `users`
  ADD PRIMARY KEY (`id`),
  ADD UNIQUE KEY `users_email_unique` (`email`);

--
-- Indexes for table `user_time_slotes`
--
ALTER TABLE `user_time_slotes`
  ADD PRIMARY KEY (`id`),
  ADD KEY `user_time_slotes_user_id_foreign` (`user_id`);

--
-- AUTO_INCREMENT for dumped tables
--

--
-- AUTO_INCREMENT for table `abouts`
--
ALTER TABLE `abouts`
  MODIFY `id` bigint(20) UNSIGNED NOT NULL AUTO_INCREMENT;

--
-- AUTO_INCREMENT for table `admins`
--
ALTER TABLE `admins`
  MODIFY `id` bigint(20) UNSIGNED NOT NULL AUTO_INCREMENT, AUTO_INCREMENT=2;

--
-- AUTO_INCREMENT for table `branches`
--
ALTER TABLE `branches`
  MODIFY `id` bigint(20) UNSIGNED NOT NULL AUTO_INCREMENT, AUTO_INCREMENT=17;

--
-- AUTO_INCREMENT for table `categories`
--
ALTER TABLE `categories`
  MODIFY `id` bigint(20) UNSIGNED NOT NULL AUTO_INCREMENT, AUTO_INCREMENT=17;

--
-- AUTO_INCREMENT for table `category_toppings`
--
ALTER TABLE `category_toppings`
  MODIFY `id` bigint(20) UNSIGNED NOT NULL AUTO_INCREMENT, AUTO_INCREMENT=320;

--
-- AUTO_INCREMENT for table `faqs`
--
ALTER TABLE `faqs`
  MODIFY `id` bigint(20) UNSIGNED NOT NULL AUTO_INCREMENT, AUTO_INCREMENT=5;

--
-- AUTO_INCREMENT for table `galleries`
--
ALTER TABLE `galleries`
  MODIFY `id` bigint(20) UNSIGNED NOT NULL AUTO_INCREMENT, AUTO_INCREMENT=27;

--
-- AUTO_INCREMENT for table `menus`
--
ALTER TABLE `menus`
  MODIFY `id` bigint(20) UNSIGNED NOT NULL AUTO_INCREMENT, AUTO_INCREMENT=29;

--
-- AUTO_INCREMENT for table `menu_galleries`
--
ALTER TABLE `menu_galleries`
  MODIFY `id` bigint(20) UNSIGNED NOT NULL AUTO_INCREMENT, AUTO_INCREMENT=23;

--
-- AUTO_INCREMENT for table `migrations`
--
ALTER TABLE `migrations`
  MODIFY `id` int(10) UNSIGNED NOT NULL AUTO_INCREMENT, AUTO_INCREMENT=38;

--
-- AUTO_INCREMENT for table `orders`
--
ALTER TABLE `orders`
  MODIFY `id` bigint(20) UNSIGNED NOT NULL AUTO_INCREMENT, AUTO_INCREMENT=304;

--
-- AUTO_INCREMENT for table `order_addresses`
--
ALTER TABLE `order_addresses`
  MODIFY `id` bigint(20) UNSIGNED NOT NULL AUTO_INCREMENT, AUTO_INCREMENT=36;

--
-- AUTO_INCREMENT for table `order_items`
--
ALTER TABLE `order_items`
  MODIFY `id` bigint(20) UNSIGNED NOT NULL AUTO_INCREMENT, AUTO_INCREMENT=305;

--
-- AUTO_INCREMENT for table `order_item_toppings`
--
ALTER TABLE `order_item_toppings`
  MODIFY `id` bigint(20) UNSIGNED NOT NULL AUTO_INCREMENT, AUTO_INCREMENT=467;

--
-- AUTO_INCREMENT for table `personal_access_tokens`
--
ALTER TABLE `personal_access_tokens`
  MODIFY `id` bigint(20) UNSIGNED NOT NULL AUTO_INCREMENT;

--
-- AUTO_INCREMENT for table `privacy_policies`
--
ALTER TABLE `privacy_policies`
  MODIFY `id` bigint(20) UNSIGNED NOT NULL AUTO_INCREMENT, AUTO_INCREMENT=2;

--
-- AUTO_INCREMENT for table `products`
--
ALTER TABLE `products`
  MODIFY `id` bigint(20) UNSIGNED NOT NULL AUTO_INCREMENT, AUTO_INCREMENT=137;

--
-- AUTO_INCREMENT for table `product_variants`
--
ALTER TABLE `product_variants`
  MODIFY `id` bigint(20) UNSIGNED NOT NULL AUTO_INCREMENT, AUTO_INCREMENT=123;

--
-- AUTO_INCREMENT for table `rewards`
--
ALTER TABLE `rewards`
  MODIFY `id` bigint(20) UNSIGNED NOT NULL AUTO_INCREMENT, AUTO_INCREMENT=20;

--
-- AUTO_INCREMENT for table `schedules`
--
ALTER TABLE `schedules`
  MODIFY `id` bigint(20) UNSIGNED NOT NULL AUTO_INCREMENT;

--
-- AUTO_INCREMENT for table `seamosses`
--
ALTER TABLE `seamosses`
  MODIFY `id` bigint(20) UNSIGNED NOT NULL AUTO_INCREMENT, AUTO_INCREMENT=2;

--
-- AUTO_INCREMENT for table `term_conditions`
--
ALTER TABLE `term_conditions`
  MODIFY `id` bigint(20) UNSIGNED NOT NULL AUTO_INCREMENT, AUTO_INCREMENT=5;

--
-- AUTO_INCREMENT for table `time_slots`
--
ALTER TABLE `time_slots`
  MODIFY `id` bigint(20) UNSIGNED NOT NULL AUTO_INCREMENT, AUTO_INCREMENT=8;

--
-- AUTO_INCREMENT for table `toppings`
--
ALTER TABLE `toppings`
  MODIFY `id` bigint(20) UNSIGNED NOT NULL AUTO_INCREMENT, AUTO_INCREMENT=407;

--
-- AUTO_INCREMENT for table `topping_products`
--
ALTER TABLE `topping_products`
  MODIFY `id` bigint(20) UNSIGNED NOT NULL AUTO_INCREMENT, AUTO_INCREMENT=426;

--
-- AUTO_INCREMENT for table `users`
--
ALTER TABLE `users`
  MODIFY `id` bigint(20) UNSIGNED NOT NULL AUTO_INCREMENT, AUTO_INCREMENT=316;

--
-- AUTO_INCREMENT for table `user_time_slotes`
--
ALTER TABLE `user_time_slotes`
  MODIFY `id` bigint(20) UNSIGNED NOT NULL AUTO_INCREMENT, AUTO_INCREMENT=51;

--
-- Constraints for dumped tables
--

--
-- Constraints for table `category_toppings`
--
ALTER TABLE `category_toppings`
  ADD CONSTRAINT `category_toppings_category_id_foreign` FOREIGN KEY (`category_id`) REFERENCES `categories` (`id`) ON DELETE CASCADE,
  ADD CONSTRAINT `category_toppings_topping_id_foreign` FOREIGN KEY (`topping_id`) REFERENCES `toppings` (`id`) ON DELETE CASCADE;

--
-- Constraints for table `orders`
--
ALTER TABLE `orders`
  ADD CONSTRAINT `orders_user_id_foreign` FOREIGN KEY (`user_id`) REFERENCES `users` (`id`) ON DELETE CASCADE;

--
-- Constraints for table `order_addresses`
--
ALTER TABLE `order_addresses`
  ADD CONSTRAINT `order_addresses_order_id_foreign` FOREIGN KEY (`order_id`) REFERENCES `orders` (`id`) ON DELETE CASCADE;

--
-- Constraints for table `order_items`
--
ALTER TABLE `order_items`
  ADD CONSTRAINT `order_items_branch_id_foreign` FOREIGN KEY (`branch_id`) REFERENCES `branches` (`id`) ON DELETE CASCADE,
  ADD CONSTRAINT `order_items_order_id_foreign` FOREIGN KEY (`order_id`) REFERENCES `orders` (`id`) ON DELETE CASCADE,
  ADD CONSTRAINT `order_items_product_id_foreign` FOREIGN KEY (`product_id`) REFERENCES `products` (`id`) ON DELETE CASCADE;

--
-- Constraints for table `order_item_toppings`
--
ALTER TABLE `order_item_toppings`
  ADD CONSTRAINT `order_item_toppings_category_id_foreign` FOREIGN KEY (`category_id`) REFERENCES `categories` (`id`) ON DELETE CASCADE,
  ADD CONSTRAINT `order_item_toppings_order_item_id_foreign` FOREIGN KEY (`order_item_id`) REFERENCES `order_items` (`id`) ON DELETE CASCADE,
  ADD CONSTRAINT `order_item_toppings_topping_id_foreign` FOREIGN KEY (`topping_id`) REFERENCES `toppings` (`id`) ON DELETE CASCADE;

--
-- Constraints for table `products`
--
ALTER TABLE `products`
  ADD CONSTRAINT `products_menu_id_foreign` FOREIGN KEY (`menu_id`) REFERENCES `menus` (`id`) ON DELETE CASCADE;

--
-- Constraints for table `rewards`
--
ALTER TABLE `rewards`
  ADD CONSTRAINT `rewards_user_id_foreign` FOREIGN KEY (`user_id`) REFERENCES `users` (`id`) ON DELETE CASCADE;

--
-- Constraints for table `schedules`
--
ALTER TABLE `schedules`
  ADD CONSTRAINT `schedules_branch_id_foreign` FOREIGN KEY (`branch_id`) REFERENCES `products` (`id`) ON DELETE CASCADE;

--
-- Constraints for table `topping_products`
--
ALTER TABLE `topping_products`
  ADD CONSTRAINT `topping_products_category_id_foreign` FOREIGN KEY (`category_id`) REFERENCES `categories` (`id`) ON DELETE CASCADE,
  ADD CONSTRAINT `topping_products_product_id_foreign` FOREIGN KEY (`product_id`) REFERENCES `products` (`id`) ON DELETE CASCADE;

--
-- Constraints for table `user_time_slotes`
--
ALTER TABLE `user_time_slotes`
  ADD CONSTRAINT `user_time_slotes_user_id_foreign` FOREIGN KEY (`user_id`) REFERENCES `users` (`id`) ON DELETE CASCADE;
COMMIT;

/*!40101 SET CHARACTER_SET_CLIENT=@OLD_CHARACTER_SET_CLIENT */;
/*!40101 SET CHARACTER_SET_RESULTS=@OLD_CHARACTER_SET_RESULTS */;
/*!40101 SET COLLATION_CONNECTION=@OLD_COLLATION_CONNECTION */;
